dem_cell_id,state,latitude,longitude,elevation_m,spatial_resolution_m,crs,nodata_value,downstream_floodplain,river_valley_terrain,slope_degree,aspect_degree,flow_direction,flow_accumulation_cells,terrain_class,coverage,data_status
IND_DEM_0001,Andhra Pradesh,16.1763739,79.4505348,319.03,30,EPSG:4326,-9999,0,1,1.739,92.75,8,5.08,Plateau,India,SYNTHETIC_PROTOTYPE
IND_DEM_0002,Arunachal Pradesh,28.983298,94.5928252,714.1,30,EPSG:4326,-9999,0,1,0.506,91.05,8,9.13,Hill,India,SYNTHETIC_PROTOTYPE
IND_DEM_0003,Assam,25.7223791,92.5894645,345.89,30,EPSG:4326,-9999,0,0,9.521,217.38,4,4.87,Plateau,India,SYNTHETIC_PROTOTYPE
IND_DEM_0004,Bihar,26.3108726,85.6817315,213.53,30,EPSG:4326,-9999,1,1,8.383,126.63,8,85.97,Plain/Floodplain,India,SYNTHETIC_PROTOTYPE
IND_DEM_0005,Chhattisgarh,21.282575,81.8081193,206.82,30,EPSG:4326,-9999,1,1,1.378,226.9,4,946.84,Plain/Floodplain,India,SYNTHETIC_PROTOTYPE
IND_DEM_0006,Goa,14.9183082,74.2161188,710.43,30,EPSG:4326,-9999,0,1,3.86,112.36,8,43.07,Hill,India,SYNTHETIC_PROTOTYPE
IND_DEM_0007,Gujarat,22.3971864,71.4738064,96.8,30,EPSG:4326,-9999,1,1,9.174,96.78,1,35.18,Plain/Floodplain,India,SYNTHETIC_PROTOTYPE
IND_DEM_0008,Haryana,28.4551475,76.919556,795.76,30,EPSG:4326,-9999,0,0,11.106,114.15,4,17.65,Hill,India,SYNTHETIC_PROTOTYPE
IND_DEM_0009,Himachal Pradesh,32.7865357,76.7053872,1770.72,30,EPSG:4326,-9999,0,0,14.259,304.79,1,2857.17,Hill,India,SYNTHETIC_PROTOTYPE
IND_DEM_0010,Jharkhand,24.0920211,85.6735818,202.69,30,EPSG:4326,-9999,1,1,13.476,1.66,6,108.81,Plain/Floodplain,India,SYNTHETIC_PROTOTYPE
IND_DEM_0011,Karnataka,15.356172,75.5445184,807.46,30,EPSG:4326,-9999,0,0,11.433,206.66,3,104.62,Hill,India,SYNTHETIC_PROTOTYPE
IND_DEM_0012,Kerala,9.6639545,76.8474831,656.38,30,EPSG:4326,-9999,0,1,6.066,245.25,8,1.07,Plateau,India,SYNTHETIC_PROTOTYPE
IND_DEM_0013,Madhya Pradesh,23.9511996,77.9989384,362.52,30,EPSG:4326,-9999,0,1,2.956,332.79,1,699.59,Plateau,India,SYNTHETIC_PROTOTYPE
IND_DEM_0014,Maharashtra,18.6168407,76.2357703,776.56,30,EPSG:4326,-9999,0,1,1.274,144.52,6,4.98,Hill,India,SYNTHETIC_PROTOTYPE
IND_DEM_0015,Manipur,25.5710742,93.6024717,232.7,30,EPSG:4326,-9999,1,1,6.966,302.09,6,174.67,Plain/Floodplain,India,SYNTHETIC_PROTOTYPE
IND_DEM_0016,Meghalaya,25.0973858,90.7452853,327.86,30,EPSG:4326,-9999,0,0,8.426,166.26,4,2141.04,Plateau,India,SYNTHETIC_PROTOTYPE
IND_DEM_0017,Mizoram,22.0732083,93.2083202,290.83,30,EPSG:4326,-9999,0,1,6.835,140.97,4,53.47,Plateau,India,SYNTHETIC_PROTOTYPE
IND_DEM_0018,Nagaland,26.2431665,93.9452966,256.23,30,EPSG:4326,-9999,0,0,11.58,261.1,5,1.61,Plateau,India,SYNTHETIC_PROTOTYPE
IND_DEM_0019,Odisha,20.487123,84.5424294,334.48,30,EPSG:4326,-9999,0,1,7.706,287.68,8,9.65,Plateau,India,SYNTHETIC_PROTOTYPE
IND_DEM_0020,Punjab,31.362757,75.1220611,1716.31,30,EPSG:4326,-9999,0,1,5.869,15.08,1,600.12,Hill,India,SYNTHETIC_PROTOTYPE
IND_DEM_0021,Rajasthan,26.7459858,73.7121283,490.65,30,EPSG:4326,-9999,0,0,9.723,35.79,7,196.65,Plateau,India,SYNTHETIC_PROTOTYPE
IND_DEM_0022,Sikkim,26.6463519,87.8623826,62.5,30,EPSG:4326,-9999,1,1,4.015,312.47,6,1862.56,Plain/Floodplain,India,SYNTHETIC_PROTOTYPE
IND_DEM_0023,Tamil Nadu,11.1773793,78.1908055,415.12,30,EPSG:4326,-9999,0,0,8.682,77.94,2,1.92,Plateau,India,SYNTHETIC_PROTOTYPE
IND_DEM_0024,Telangana,18.0040821,78.8279917,179.22,30,EPSG:4326,-9999,1,1,0.434,33.0,2,104.87,Plain/Floodplain,India,SYNTHETIC_PROTOTYPE
IND_DEM_0025,Tripura,23.6586835,90.885873,269.9,30,EPSG:4326,-9999,0,1,7.599,355.22,2,11.71,Plateau,India,SYNTHETIC_PROTOTYPE
IND_DEM_0026,Uttar Pradesh,26.6670632,80.0802367,126.84,30,EPSG:4326,-9999,1,1,3.223,305.5,5,9.67,Plain/Floodplain,India,SYNTHETIC_PROTOTYPE
IND_DEM_0027,Uttarakhand,29.3256394,78.9832814,537.88,30,EPSG:4326,-9999,0,1,0.842,3.54,1,133.06,Plateau,India,SYNTHETIC_PROTOTYPE
IND_DEM_0028,West Bengal,23.1438444,87.3275763,152.26,30,EPSG:4326,-9999,1,1,1.564,53.75,3,1784.71,Plain/Floodplain,India,SYNTHETIC_PROTOTYPE
IND_DEM_0029,Jammu and Kashmir,33.2440623,74.9062805,2171.2,30,EPSG:4326,-9999,0,1,6.216,212.27,1,137.36,Mountain,India,SYNTHETIC_PROTOTYPE
IND_DEM_0030,Ladakh,35.174348,78.1824436,1941.88,30,EPSG:4326,-9999,0,0,11.611,84.65,8,8.41,Mountain,India,SYNTHETIC_PROTOTYPE
IND_DEM_0031,Andhra Pradesh,15.4174653,80.0376528,326.89,30,EPSG:4326,-9999,0,1,3.222,351.62,8,1.94,Plateau,India,SYNTHETIC_PROTOTYPE
IND_DEM_0032,Arunachal Pradesh,28.3118333,95.5021685,431.17,30,EPSG:4326,-9999,0,1,0.614,347.05,6,114.45,Plateau,India,SYNTHETIC_PROTOTYPE
IND_DEM_0033,Assam,26.8818893,92.7441126,236.79,30,EPSG:4326,-9999,1,1,6.163,228.5,2,1.23,Plain/Floodplain,India,SYNTHETIC_PROTOTYPE
IND_DEM_0034,Bihar,26.6015354,85.0718989,16.3,30,EPSG:4326,-9999,1,1,5.098,256.31,2,3.1,Plain/Floodplain,India,SYNTHETIC_PROTOTYPE
IND_DEM_0035,Chhattisgarh,20.9569669,82.1124026,264.88,30,EPSG:4326,-9999,0,1,2.417,141.09,3,1.45,Plateau,India,SYNTHETIC_PROTOTYPE
IND_DEM_0036,Goa,14.6611198,74.6688623,798.61,30,EPSG:4326,-9999,0,1,1.765,294.35,8,178.18,Hill,India,SYNTHETIC_PROTOTYPE
IND_DEM_0037,Gujarat,22.7642285,70.6996266,21.98,30,EPSG:4326,-9999,1,1,10.13,43.04,3,705.99,Plain/Floodplain,India,SYNTHETIC_PROTOTYPE
IND_DEM_0038,Haryana,28.4539373,75.9927315,980.56,30,EPSG:4326,-9999,0,1,2.618,148.23,5,4.76,Hill,India,SYNTHETIC_PROTOTYPE
IND_DEM_0039,Himachal Pradesh,31.6073648,77.3891533,1236.28,30,EPSG:4326,-9999,0,1,6.818,90.08,2,293.35,Hill,India,SYNTHETIC_PROTOTYPE
IND_DEM_0040,Jharkhand,24.3963855,84.5453055,175.07,30,EPSG:4326,-9999,1,1,1.767,330.26,5,4.44,Plain/Floodplain,India,SYNTHETIC_PROTOTYPE
IND_DEM_0041,Karnataka,15.0059419,75.7036731,906.49,30,EPSG:4326,-9999,0,1,7.321,315.94,1,934.5,Hill,India,SYNTHETIC_PROTOTYPE
IND_DEM_0042,Kerala,10.9394679,75.2390113,980.64,30,EPSG:4326,-9999,0,0,13.202,280.13,1,876.0,Hill,India,SYNTHETIC_PROTOTYPE
IND_DEM_0043,Madhya Pradesh,23.7136985,78.0129544,259.38,30,EPSG:4326,-9999,0,1,4.662,53.15,8,31.38,Plateau,India,SYNTHETIC_PROTOTYPE
IND_DEM_0044,Maharashtra,19.3110086,75.8862898,752.21,30,EPSG:4326,-9999,0,1,6.496,101.8,7,20.94,Hill,India,SYNTHETIC_PROTOTYPE
IND_DEM_0045,Manipur,24.570125,94.9528369,231.82,30,EPSG:4326,-9999,1,1,5.473,101.75,8,986.51,Plain/Floodplain,India,SYNTHETIC_PROTOTYPE
IND_DEM_0046,Meghalaya,24.6216472,91.9154613,273.81,30,EPSG:4326,-9999,0,1,3.281,87.52,8,1174.89,Plateau,India,SYNTHETIC_PROTOTYPE
IND_DEM_0047,Mizoram,23.6068819,94.279221,286.65,30,EPSG:4326,-9999,0,1,2.411,45.4,6,22.0,Plateau,India,SYNTHETIC_PROTOTYPE
IND_DEM_0048,Nagaland,26.3753101,93.6539545,223.08,30,EPSG:4326,-9999,1,1,5.606,67.26,6,180.03,Plain/Floodplain,India,SYNTHETIC_PROTOTYPE
IND_DEM_0049,Odisha,20.4386085,83.7984557,271.31,30,EPSG:4326,-9999,0,1,2.817,227.9,4,1160.62,Plateau,India,SYNTHETIC_PROTOTYPE
IND_DEM_0050,Punjab,30.3793734,75.3801878,1460.14,30,EPSG:4326,-9999,0,1,0.775,320.11,4,12.97,Hill,India,SYNTHETIC_PROTOTYPE
IND_DEM_0051,Rajasthan,27.4226689,74.03169,531.04,30,EPSG:4326,-9999,0,1,1.43,49.43,7,198.64,Plateau,India,SYNTHETIC_PROTOTYPE
IND_DEM_0052,Sikkim,27.7113112,89.5343877,276.24,30,EPSG:4326,-9999,0,1,2.112,273.32,4,594.95,Plateau,India,SYNTHETIC_PROTOTYPE
IND_DEM_0053,Tamil Nadu,11.9206976,78.9046317,372.83,30,EPSG:4326,-9999,0,1,7.624,152.33,1,1.64,Plateau,India,SYNTHETIC_PROTOTYPE
IND_DEM_0054,Telangana,17.8738612,79.1208606,255.24,30,EPSG:4326,-9999,0,0,8.735,171.48,4,43.07,Plateau,India,SYNTHETIC_PROTOTYPE
IND_DEM_0055,Tripura,23.112645,92.0322827,301.42,30,EPSG:4326,-9999,0,1,4.131,313.03,3,1.06,Plateau,India,SYNTHETIC_PROTOTYPE
IND_DEM_0056,Uttar Pradesh,26.3535502,80.698118,164.94,30,EPSG:4326,-9999,1,1,4.815,35.78,5,18.26,Plain/Floodplain,India,SYNTHETIC_PROTOTYPE
IND_DEM_0057,Uttarakhand,30.246233,79.6573158,759.42,30,EPSG:4326,-9999,0,1,2.604,32.28,1,708.58,Hill,India,SYNTHETIC_PROTOTYPE
IND_DEM_0058,West Bengal,23.0637569,88.7249256,192.65,30,EPSG:4326,-9999,1,1,5.233,95.38,5,27.12,Plain/Floodplain,India,SYNTHETIC_PROTOTYPE
IND_DEM_0059,Jammu and Kashmir,34.5942995,74.4019689,2524.67,30,EPSG:4326,-9999,0,1,3.437,17.42,2,486.17,Mountain,India,SYNTHETIC_PROTOTYPE
IND_DEM_0060,Ladakh,34.7962686,77.3578076,2116.02,30,EPSG:4326,-9999,0,1,4.892,357.24,6,317.78,Mountain,India,SYNTHETIC_PROTOTYPE
IND_DEM_0061,Andhra Pradesh,15.565466,79.5156425,429.45,30,EPSG:4326,-9999,0,1,1.514,145.38,1,27.25,Plateau,India,SYNTHETIC_PROTOTYPE
IND_DEM_0062,Arunachal Pradesh,28.5773091,93.6157471,616.89,30,EPSG:4326,-9999,0,1,6.282,145.9,4,15.58,Plateau,India,SYNTHETIC_PROTOTYPE
IND_DEM_0063,Assam,27.0333353,92.0412141,369.27,30,EPSG:4326,-9999,0,1,7.28,239.74,4,1100.41,Plateau,India,SYNTHETIC_PROTOTYPE
IND_DEM_0064,Bihar,25.3153705,85.4971156,100.39,30,EPSG:4326,-9999,1,1,4.278,237.73,8,798.48,Plain/Floodplain,India,SYNTHETIC_PROTOTYPE
IND_DEM_0065,Chhattisgarh,21.3148074,80.5693132,213.07,30,EPSG:4326,-9999,1,1,1.406,105.54,1,17.66,Plain/Floodplain,India,SYNTHETIC_PROTOTYPE
IND_DEM_0066,Goa,16.4779336,74.7538905,815.69,30,EPSG:4326,-9999,0,1,1.653,345.97,1,240.85,Hill,India,SYNTHETIC_PROTOTYPE
IND_DEM_0067,Gujarat,21.3545247,70.8384078,135.83,30,EPSG:4326,-9999,1,1,8.956,240.84,2,26.74,Plain/Floodplain,India,SYNTHETIC_PROTOTYPE
IND_DEM_0068,Haryana,29.4384752,76.185248,1220.33,30,EPSG:4326,-9999,0,1,4.302,266.27,2,337.88,Hill,India,SYNTHETIC_PROTOTYPE
IND_DEM_0069,Himachal Pradesh,32.1900019,77.7047971,1408.32,30,EPSG:4326,-9999,0,0,8.934,70.0,1,281.55,Hill,India,SYNTHETIC_PROTOTYPE
IND_DEM_0070,Jharkhand,23.7995671,84.6265337,138.96,30,EPSG:4326,-9999,1,1,7.017,253.34,5,1.36,Plain/Floodplain,India,SYNTHETIC_PROTOTYPE
IND_DEM_0071,Karnataka,15.899135,76.4822301,689.23,30,EPSG:4326,-9999,0,0,8.124,217.15,8,1649.5,Plateau,India,SYNTHETIC_PROTOTYPE
IND_DEM_0072,Kerala,10.7659234,76.5598934,643.35,30,EPSG:4326,-9999,0,1,5.66,328.63,5,7.86,Plateau,India,SYNTHETIC_PROTOTYPE
IND_DEM_0073,Madhya Pradesh,24.2662296,78.9880547,113.8,30,EPSG:4326,-9999,1,1,7.786,314.25,3,1987.03,Plain/Floodplain,India,SYNTHETIC_PROTOTYPE
IND_DEM_0074,Maharashtra,19.2124296,76.1684101,593.75,30,EPSG:4326,-9999,0,0,13.21,71.59,2,498.67,Plateau,India,SYNTHETIC_PROTOTYPE
IND_DEM_0075,Manipur,25.7326781,92.3905695,435.35,30,EPSG:4326,-9999,0,1,4.453,297.26,8,5.52,Plateau,India,SYNTHETIC_PROTOTYPE
IND_DEM_0076,Meghalaya,25.8778699,92.0150657,423.3,30,EPSG:4326,-9999,0,1,0.896,338.49,4,2708.01,Plateau,India,SYNTHETIC_PROTOTYPE
IND_DEM_0077,Mizoram,22.7395122,92.3552884,309.53,30,EPSG:4326,-9999,0,1,7.612,91.92,8,2214.48,Plateau,India,SYNTHETIC_PROTOTYPE
IND_DEM_0078,Nagaland,26.5021725,94.2436204,275.42,30,EPSG:4326,-9999,0,1,3.956,279.95,6,12.33,Plateau,India,SYNTHETIC_PROTOTYPE
IND_DEM_0079,Odisha,19.9585843,83.7671372,168.32,30,EPSG:4326,-9999,1,1,10.106,23.48,2,1.09,Plain/Floodplain,India,SYNTHETIC_PROTOTYPE
IND_DEM_0080,Punjab,30.2348149,74.3148422,1387.94,30,EPSG:4326,-9999,0,1,5.768,16.32,5,5.04,Hill,India,SYNTHETIC_PROTOTYPE
IND_DEM_0081,Rajasthan,26.7497849,73.8738038,482.16,30,EPSG:4326,-9999,0,1,1.881,161.16,3,1803.08,Plateau,India,SYNTHETIC_PROTOTYPE
IND_DEM_0082,Sikkim,27.0227251,89.11155,186.84,30,EPSG:4326,-9999,1,1,8.239,279.24,5,10.57,Plain/Floodplain,India,SYNTHETIC_PROTOTYPE
IND_DEM_0083,Tamil Nadu,11.7836454,77.6213056,352.98,30,EPSG:4326,-9999,0,1,3.778,1.33,2,9.7,Plateau,India,SYNTHETIC_PROTOTYPE
IND_DEM_0084,Telangana,17.8036382,80.1284534,282.53,30,EPSG:4326,-9999,0,1,0.034,177.79,2,2.08,Plateau,India,SYNTHETIC_PROTOTYPE
IND_DEM_0085,Tripura,24.5775201,90.6471586,247.99,30,EPSG:4326,-9999,1,1,2.989,164.35,1,77.19,Plain/Floodplain,India,SYNTHETIC_PROTOTYPE
IND_DEM_0086,Uttar Pradesh,26.723284,79.5451577,138.98,30,EPSG:4326,-9999,1,1,6.989,230.96,5,2.18,Plain/Floodplain,India,SYNTHETIC_PROTOTYPE
IND_DEM_0087,Uttarakhand,30.4453514,77.7268276,973.97,30,EPSG:4326,-9999,0,1,3.276,35.66,1,133.92,Hill,India,SYNTHETIC_PROTOTYPE
IND_DEM_0088,West Bengal,22.5156038,88.0459011,240.64,30,EPSG:4326,-9999,1,1,8.239,148.71,3,1.19,Plain/Floodplain,India,SYNTHETIC_PROTOTYPE
IND_DEM_0089,Jammu and Kashmir,33.5604052,75.9267011,2033.29,30,EPSG:4326,-9999,0,0,9.602,39.01,7,629.36,Mountain,India,SYNTHETIC_PROTOTYPE
IND_DEM_0090,Ladakh,34.211412,77.0071734,2010.12,30,EPSG:4326,-9999,0,0,8.532,61.87,7,151.09,Mountain,India,SYNTHETIC_PROTOTYPE
IND_DEM_0091,Andhra Pradesh,15.5888595,78.9402533,280.22,30,EPSG:4326,-9999,0,1,5.007,7.33,2,332.63,Plateau,India,SYNTHETIC_PROTOTYPE
IND_DEM_0092,Arunachal Pradesh,28.2609499,95.0789183,583.26,30,EPSG:4326,-9999,0,0,12.384,176.62,4,1245.12,Plateau,India,SYNTHETIC_PROTOTYPE
IND_DEM_0093,Assam,25.8651441,93.0469794,323.26,30,EPSG:4326,-9999,0,1,1.441,65.1,6,28.87,Plateau,India,SYNTHETIC_PROTOTYPE
IND_DEM_0094,Bihar,26.0641459,85.0764039,36.44,30,EPSG:4326,-9999,1,1,8.711,233.44,4,24.23,Plain/Floodplain,India,SYNTHETIC_PROTOTYPE
IND_DEM_0095,Chhattisgarh,21.5247484,81.5504591,225.69,30,EPSG:4326,-9999,1,1,4.505,66.62,4,1.25,Plain/Floodplain,India,SYNTHETIC_PROTOTYPE
IND_DEM_0096,Goa,14.8808091,75.0100518,893.58,30,EPSG:4326,-9999,0,0,11.165,20.22,2,115.78,Hill,India,SYNTHETIC_PROTOTYPE
IND_DEM_0097,Gujarat,22.4095703,71.8052279,0.0,30,EPSG:4326,-9999,1,1,4.668,260.66,4,52.28,Plain/Floodplain,India,SYNTHETIC_PROTOTYPE
IND_DEM_0098,Haryana,30.2218825,75.2547396,1459.74,30,EPSG:4326,-9999,0,1,0.465,188.58,3,3.76,Hill,India,SYNTHETIC_PROTOTYPE
IND_DEM_0099,Himachal Pradesh,32.179922,77.5308586,1448.94,30,EPSG:4326,-9999,0,0,9.467,151.4,4,1014.73,Hill,India,SYNTHETIC_PROTOTYPE
IND_DEM_0100,Jharkhand,23.7678919,84.4107759,263.31,30,EPSG:4326,-9999,0,1,2.386,112.8,6,107.32,Plateau,India,SYNTHETIC_PROTOTYPE
IND_DEM_0101,Karnataka,15.4609656,75.1860681,946.48,30,EPSG:4326,-9999,0,0,8.606,31.52,8,419.39,Hill,India,SYNTHETIC_PROTOTYPE
IND_DEM_0102,Kerala,10.2274957,77.5228814,473.09,30,EPSG:4326,-9999,0,0,8.014,92.04,1,3.92,Plateau,India,SYNTHETIC_PROTOTYPE
IND_DEM_0103,Madhya Pradesh,24.0532693,78.2518129,247.57,30,EPSG:4326,-9999,1,1,9.44,345.32,4,335.52,Plain/Floodplain,India,SYNTHETIC_PROTOTYPE
IND_DEM_0104,Maharashtra,19.6023739,76.2593412,669.19,30,EPSG:4326,-9999,0,1,7.682,355.83,8,1340.81,Plateau,India,SYNTHETIC_PROTOTYPE
IND_DEM_0105,Manipur,23.7681939,94.6915831,396.3,30,EPSG:4326,-9999,0,1,7.85,180.38,7,168.22,Plateau,India,SYNTHETIC_PROTOTYPE
IND_DEM_0106,Meghalaya,25.3889243,90.474752,333.27,30,EPSG:4326,-9999,0,1,2.945,186.72,3,5.19,Plateau,India,SYNTHETIC_PROTOTYPE
IND_DEM_0107,Mizoram,23.6428419,92.9931625,512.49,30,EPSG:4326,-9999,0,1,4.731,202.56,2,4.47,Plateau,India,SYNTHETIC_PROTOTYPE
IND_DEM_0108,Nagaland,25.4336749,94.4952263,255.06,30,EPSG:4326,-9999,0,1,3.859,288.96,1,10.61,Plateau,India,SYNTHETIC_PROTOTYPE
IND_DEM_0109,Odisha,21.0635019,84.1004462,400.92,30,EPSG:4326,-9999,0,1,3.149,173.43,8,9.2,Plateau,India,SYNTHETIC_PROTOTYPE
IND_DEM_0110,Punjab,30.5263727,75.3443548,1444.18,30,EPSG:4326,-9999,0,1,6.189,177.56,2,349.92,Hill,India,SYNTHETIC_PROTOTYPE
IND_DEM_0111,Rajasthan,27.7709835,73.0245431,378.37,30,EPSG:4326,-9999,0,1,4.051,253.32,3,40.85,Plateau,India,SYNTHETIC_PROTOTYPE
IND_DEM_0112,Sikkim,27.8070665,87.4209853,280.75,30,EPSG:4326,-9999,0,1,2.897,273.31,5,3.34,Plateau,India,SYNTHETIC_PROTOTYPE
IND_DEM_0113,Tamil Nadu,11.2479169,78.8998844,390.58,30,EPSG:4326,-9999,0,1,0.37,311.94,8,880.92,Plateau,India,SYNTHETIC_PROTOTYPE
IND_DEM_0114,Telangana,17.8327735,78.9007907,298.36,30,EPSG:4326,-9999,0,1,5.168,230.08,6,55.82,Plateau,India,SYNTHETIC_PROTOTYPE
IND_DEM_0115,Tripura,24.0829227,91.6379596,402.19,30,EPSG:4326,-9999,0,1,3.628,71.18,7,57.14,Plateau,India,SYNTHETIC_PROTOTYPE
IND_DEM_0116,Uttar Pradesh,26.3206609,80.846931,1.92,30,EPSG:4326,-9999,1,1,3.17,223.45,5,20.28,Plain/Floodplain,India,SYNTHETIC_PROTOTYPE
IND_DEM_0117,Uttarakhand,29.6851004,77.2072119,950.69,30,EPSG:4326,-9999,0,1,6.83,260.62,1,333.68,Hill,India,SYNTHETIC_PROTOTYPE
IND_DEM_0118,West Bengal,23.0147475,87.3334286,348.58,30,EPSG:4326,-9999,0,0,9.241,158.39,6,48.63,Plateau,India,SYNTHETIC_PROTOTYPE
IND_DEM_0119,Jammu and Kashmir,34.0857501,75.9713048,2325.01,30,EPSG:4326,-9999,0,0,9.535,128.79,5,18.49,Mountain,India,SYNTHETIC_PROTOTYPE
IND_DEM_0120,Ladakh,34.2377093,77.0694702,1911.0,30,EPSG:4326,-9999,0,1,2.615,58.47,1,91.25,Mountain,India,SYNTHETIC_PROTOTYPE
IND_DEM_0121,Andhra Pradesh,16.0633276,79.822276,371.64,30,EPSG:4326,-9999,0,0,9.545,30.29,2,44.42,Plateau,India,SYNTHETIC_PROTOTYPE
IND_DEM_0122,Arunachal Pradesh,29.0132013,94.3757284,658.7,30,EPSG:4326,-9999,0,1,2.697,229.28,7,18.7,Plateau,India,SYNTHETIC_PROTOTYPE
IND_DEM_0123,Assam,25.8173179,92.5916502,429.89,30,EPSG:4326,-9999,0,1,2.416,322.42,4,308.84,Plateau,India,SYNTHETIC_PROTOTYPE
IND_DEM_0124,Bihar,25.4379369,85.9161429,146.55,30,EPSG:4326,-9999,1,1,2.158,81.78,1,61.3,Plain/Floodplain,India,SYNTHETIC_PROTOTYPE
IND_DEM_0125,Chhattisgarh,21.2969807,81.6345576,224.8,30,EPSG:4326,-9999,1,1,6.396,149.86,3,66.82,Plain/Floodplain,India,SYNTHETIC_PROTOTYPE
IND_DEM_0126,Goa,15.2395683,74.6274132,756.6,30,EPSG:4326,-9999,0,0,14.38,329.68,6,410.64,Hill,India,SYNTHETIC_PROTOTYPE
IND_DEM_0127,Gujarat,21.9092357,71.8476433,187.33,30,EPSG:4326,-9999,1,1,10.287,13.09,7,79.01,Plain/Floodplain,India,SYNTHETIC_PROTOTYPE
IND_DEM_0128,Haryana,28.9530119,76.8913346,1007.62,30,EPSG:4326,-9999,0,0,10.335,252.11,2,486.89,Hill,India,SYNTHETIC_PROTOTYPE
IND_DEM_0129,Himachal Pradesh,33.046966,76.2407912,1923.21,30,EPSG:4326,-9999,0,0,8.023,38.91,1,3.04,Mountain,India,SYNTHETIC_PROTOTYPE
IND_DEM_0130,Jharkhand,22.8865935,84.8984357,214.51,30,EPSG:4326,-9999,1,1,5.191,26.77,4,4.37,Plain/Floodplain,India,SYNTHETIC_PROTOTYPE
IND_DEM_0131,Karnataka,15.3749876,76.5114935,637.53,30,EPSG:4326,-9999,0,1,1.443,289.94,1,1.56,Plateau,India,SYNTHETIC_PROTOTYPE
IND_DEM_0132,Kerala,11.0185689,76.8818726,619.98,30,EPSG:4326,-9999,0,0,10.666,40.9,1,167.34,Plateau,India,SYNTHETIC_PROTOTYPE
IND_DEM_0133,Madhya Pradesh,23.5642649,77.814554,301.72,30,EPSG:4326,-9999,0,1,1.487,263.25,6,12.01,Plateau,India,SYNTHETIC_PROTOTYPE
IND_DEM_0134,Maharashtra,18.913916,76.2239609,734.69,30,EPSG:4326,-9999,0,1,6.929,302.25,8,125.05,Hill,India,SYNTHETIC_PROTOTYPE
IND_DEM_0135,Manipur,23.6484837,94.9867022,280.51,30,EPSG:4326,-9999,0,1,7.186,307.65,4,9.7,Plateau,India,SYNTHETIC_PROTOTYPE
IND_DEM_0136,Meghalaya,25.8277533,91.4319393,246.64,30,EPSG:4326,-9999,1,1,9.393,347.36,3,4.73,Plain/Floodplain,India,SYNTHETIC_PROTOTYPE
IND_DEM_0137,Mizoram,22.851164,92.6160123,161.78,30,EPSG:4326,-9999,1,1,4.569,221.87,5,47.69,Plain/Floodplain,India,SYNTHETIC_PROTOTYPE
IND_DEM_0138,Nagaland,27.5214121,94.5559193,444.24,30,EPSG:4326,-9999,0,0,11.144,117.83,2,204.05,Plateau,India,SYNTHETIC_PROTOTYPE
IND_DEM_0139,Odisha,19.2438684,84.0279822,392.25,30,EPSG:4326,-9999,0,1,3.49,185.43,5,170.52,Plateau,India,SYNTHETIC_PROTOTYPE
IND_DEM_0140,Punjab,30.9828354,75.5213189,1695.99,30,EPSG:4326,-9999,0,0,8.813,329.67,3,2.42,Hill,India,SYNTHETIC_PROTOTYPE
IND_DEM_0141,Rajasthan,26.5738003,73.8299685,487.72,30,EPSG:4326,-9999,0,1,5.884,25.75,6,196.4,Plateau,India,SYNTHETIC_PROTOTYPE
IND_DEM_0142,Sikkim,26.822087,87.5826683,157.48,30,EPSG:4326,-9999,1,1,11.085,290.37,3,7.51,Plain/Floodplain,India,SYNTHETIC_PROTOTYPE
IND_DEM_0143,Tamil Nadu,10.7249986,77.8572363,581.29,30,EPSG:4326,-9999,0,0,9.411,306.93,5,1.5,Plateau,India,SYNTHETIC_PROTOTYPE
IND_DEM_0144,Telangana,18.0536721,78.0534945,426.21,30,EPSG:4326,-9999,0,1,3.028,77.06,1,1.09,Plateau,India,SYNTHETIC_PROTOTYPE
IND_DEM_0145,Tripura,23.4806913,92.1736207,360.54,30,EPSG:4326,-9999,0,1,3.258,44.37,2,13.3,Plateau,India,SYNTHETIC_PROTOTYPE
IND_DEM_0146,Uttar Pradesh,27.1612588,80.1721949,150.23,30,EPSG:4326,-9999,1,1,5.387,7.78,6,269.4,Plain/Floodplain,India,SYNTHETIC_PROTOTYPE
IND_DEM_0147,Uttarakhand,30.7558879,78.3883085,905.78,30,EPSG:4326,-9999,0,1,5.69,147.61,6,2779.16,Hill,India,SYNTHETIC_PROTOTYPE
IND_DEM_0148,West Bengal,23.6583923,87.3115738,185.38,30,EPSG:4326,-9999,1,1,2.487,112.49,1,138.94,Plain/Floodplain,India,SYNTHETIC_PROTOTYPE
IND_DEM_0149,Jammu and Kashmir,33.7476056,75.0486098,2201.1,30,EPSG:4326,-9999,0,0,8.452,176.48,2,23.46,Mountain,India,SYNTHETIC_PROTOTYPE
IND_DEM_0150,Ladakh,33.5956738,78.0221361,1683.68,30,EPSG:4326,-9999,0,1,4.732,2.7,2,2.16,Hill,India,SYNTHETIC_PROTOTYPE
IND_DEM_0151,Andhra Pradesh,15.4901362,78.8905008,334.66,30,EPSG:4326,-9999,0,0,11.056,0.27,3,23.59,Plateau,India,SYNTHETIC_PROTOTYPE
IND_DEM_0152,Arunachal Pradesh,27.8950237,95.2796449,376.92,30,EPSG:4326,-9999,0,1,7.24,40.51,3,79.5,Plateau,India,SYNTHETIC_PROTOTYPE
IND_DEM_0153,Assam,27.5791274,92.8540927,490.21,30,EPSG:4326,-9999,0,1,7.266,160.53,8,12.67,Plateau,India,SYNTHETIC_PROTOTYPE
IND_DEM_0154,Bihar,25.5679502,85.0760514,67.65,30,EPSG:4326,-9999,1,1,11.015,289.19,1,35.53,Plain/Floodplain,India,SYNTHETIC_PROTOTYPE
IND_DEM_0155,Chhattisgarh,20.8365252,80.8036323,189.6,30,EPSG:4326,-9999,1,1,10.523,66.5,6,2710.2,Plain/Floodplain,India,SYNTHETIC_PROTOTYPE
IND_DEM_0156,Goa,15.8841757,72.8516495,306.94,30,EPSG:4326,-9999,0,1,7.639,11.37,2,1421.74,Plateau,India,SYNTHETIC_PROTOTYPE
IND_DEM_0157,Gujarat,21.9781133,71.9308937,148.04,30,EPSG:4326,-9999,1,1,6.659,260.1,2,70.63,Plain/Floodplain,India,SYNTHETIC_PROTOTYPE
IND_DEM_0158,Haryana,28.6017504,76.1616933,972.28,30,EPSG:4326,-9999,0,1,0.526,204.37,5,1258.75,Hill,India,SYNTHETIC_PROTOTYPE
IND_DEM_0159,Himachal Pradesh,32.0113208,77.1463723,1460.41,30,EPSG:4326,-9999,0,0,8.185,165.24,2,40.53,Hill,India,SYNTHETIC_PROTOTYPE
IND_DEM_0160,Jharkhand,23.9292461,85.1237169,77.96,30,EPSG:4326,-9999,1,1,4.709,97.62,8,160.45,Plain/Floodplain,India,SYNTHETIC_PROTOTYPE
IND_DEM_0161,Karnataka,14.9530442,76.1660811,833.7,30,EPSG:4326,-9999,0,1,2.017,47.15,7,1.38,Hill,India,SYNTHETIC_PROTOTYPE
IND_DEM_0162,Kerala,10.329905,75.9916836,901.19,30,EPSG:4326,-9999,0,1,7.386,127.84,3,2505.98,Hill,India,SYNTHETIC_PROTOTYPE
IND_DEM_0163,Madhya Pradesh,23.6618895,77.7693509,160.87,30,EPSG:4326,-9999,1,1,0.936,355.05,1,11.07,Plain/Floodplain,India,SYNTHETIC_PROTOTYPE
IND_DEM_0164,Maharashtra,20.0481483,75.9701838,854.08,30,EPSG:4326,-9999,0,0,9.23,276.47,1,799.82,Hill,India,SYNTHETIC_PROTOTYPE
IND_DEM_0165,Manipur,24.594193,93.6468106,353.27,30,EPSG:4326,-9999,0,1,1.267,6.87,7,534.5,Plateau,India,SYNTHETIC_PROTOTYPE
IND_DEM_0166,Meghalaya,24.7906754,92.1132066,395.98,30,EPSG:4326,-9999,0,1,5.422,167.52,6,2623.14,Plateau,India,SYNTHETIC_PROTOTYPE
IND_DEM_0167,Mizoram,23.4665431,93.584795,333.31,30,EPSG:4326,-9999,0,0,8.668,287.62,1,18.33,Plateau,India,SYNTHETIC_PROTOTYPE
IND_DEM_0168,Nagaland,26.1307617,93.9178962,238.71,30,EPSG:4326,-9999,1,1,6.719,270.1,7,4.08,Plain/Floodplain,India,SYNTHETIC_PROTOTYPE
IND_DEM_0169,Odisha,21.5475865,84.0260862,262.8,30,EPSG:4326,-9999,0,0,13.383,320.0,7,17.06,Plateau,India,SYNTHETIC_PROTOTYPE
IND_DEM_0170,Punjab,31.6275144,75.4708466,1805.89,30,EPSG:4326,-9999,0,0,13.151,286.45,7,11.42,Mountain,India,SYNTHETIC_PROTOTYPE
IND_DEM_0171,Rajasthan,27.1276384,74.2922354,712.45,30,EPSG:4326,-9999,0,0,11.877,298.73,4,6.0,Hill,India,SYNTHETIC_PROTOTYPE
IND_DEM_0172,Sikkim,27.0448512,88.3153932,98.25,30,EPSG:4326,-9999,1,1,14.304,131.24,1,9.87,Plain/Floodplain,India,SYNTHETIC_PROTOTYPE
IND_DEM_0173,Tamil Nadu,10.8968814,77.8566363,311.65,30,EPSG:4326,-9999,0,1,6.807,153.34,7,112.73,Plateau,India,SYNTHETIC_PROTOTYPE
IND_DEM_0174,Telangana,18.0908891,78.6663157,198.48,30,EPSG:4326,-9999,1,1,7.434,81.26,8,1613.08,Plain/Floodplain,India,SYNTHETIC_PROTOTYPE
IND_DEM_0175,Tripura,23.4598924,91.8605416,422.44,30,EPSG:4326,-9999,0,0,10.12,187.1,7,399.86,Plateau,India,SYNTHETIC_PROTOTYPE
IND_DEM_0176,Uttar Pradesh,26.6844337,81.4744604,0.0,30,EPSG:4326,-9999,1,1,9.669,128.09,6,11.28,Plain/Floodplain,India,SYNTHETIC_PROTOTYPE
IND_DEM_0177,Uttarakhand,29.6371739,77.0493857,847.03,30,EPSG:4326,-9999,0,0,8.59,80.96,1,109.25,Hill,India,SYNTHETIC_PROTOTYPE
IND_DEM_0178,West Bengal,23.1156971,87.5219795,218.07,30,EPSG:4326,-9999,1,1,6.63,131.3,5,146.87,Plain/Floodplain,India,SYNTHETIC_PROTOTYPE
IND_DEM_0179,Jammu and Kashmir,34.1939079,75.1701829,2339.63,30,EPSG:4326,-9999,0,1,6.38,168.63,2,2.13,Mountain,India,SYNTHETIC_PROTOTYPE
IND_DEM_0180,Ladakh,33.77599,77.1529023,1875.17,30,EPSG:4326,-9999,0,1,0.436,67.66,8,273.24,Mountain,India,SYNTHETIC_PROTOTYPE
IND_DEM_0181,Andhra Pradesh,16.000505,79.4724663,234.58,30,EPSG:4326,-9999,1,1,6.096,228.99,2,12.97,Plain/Floodplain,India,SYNTHETIC_PROTOTYPE
IND_DEM_0182,Arunachal Pradesh,28.0963895,94.693314,432.45,30,EPSG:4326,-9999,0,1,1.81,96.98,6,164.37,Plateau,India,SYNTHETIC_PROTOTYPE
IND_DEM_0183,Assam,25.9888247,92.3966887,355.85,30,EPSG:4326,-9999,0,1,1.494,18.44,7,2.31,Plateau,India,SYNTHETIC_PROTOTYPE
IND_DEM_0184,Bihar,25.6686838,85.3353488,163.08,30,EPSG:4326,-9999,1,1,5.48,289.32,4,114.41,Plain/Floodplain,India,SYNTHETIC_PROTOTYPE
IND_DEM_0185,Chhattisgarh,21.6248449,82.0593613,120.82,30,EPSG:4326,-9999,1,1,0.315,276.31,6,30.34,Plain/Floodplain,India,SYNTHETIC_PROTOTYPE
IND_DEM_0186,Goa,15.2018189,74.7335952,904.31,30,EPSG:4326,-9999,0,1,0.442,291.46,1,219.2,Hill,India,SYNTHETIC_PROTOTYPE
IND_DEM_0187,Gujarat,22.1888209,71.5746498,118.06,30,EPSG:4326,-9999,1,1,12.154,102.18,5,102.74,Plain/Floodplain,India,SYNTHETIC_PROTOTYPE
IND_DEM_0188,Haryana,29.3333225,75.8467733,1154.04,30,EPSG:4326,-9999,0,1,5.625,205.8,5,2077.66,Hill,India,SYNTHETIC_PROTOTYPE
IND_DEM_0189,Himachal Pradesh,32.0235893,77.5612413,1269.01,30,EPSG:4326,-9999,0,1,7.595,41.81,4,58.3,Hill,India,SYNTHETIC_PROTOTYPE
IND_DEM_0190,Jharkhand,24.3971864,86.2674452,203.7,30,EPSG:4326,-9999,1,1,9.3,27.4,8,2498.4,Plain/Floodplain,India,SYNTHETIC_PROTOTYPE
IND_DEM_0191,Karnataka,15.37965,74.4732635,708.19,30,EPSG:4326,-9999,0,1,5.803,135.39,7,11.51,Hill,India,SYNTHETIC_PROTOTYPE
IND_DEM_0192,Kerala,10.9687477,77.3344365,518.17,30,EPSG:4326,-9999,0,1,5.32,80.03,3,2331.9,Plateau,India,SYNTHETIC_PROTOTYPE
IND_DEM_0193,Madhya Pradesh,22.7857798,77.6455959,247.5,30,EPSG:4326,-9999,1,1,9.964,350.67,5,1932.56,Plain/Floodplain,India,SYNTHETIC_PROTOTYPE
IND_DEM_0194,Maharashtra,18.6927517,75.5459585,800.91,30,EPSG:4326,-9999,0,1,7.485,82.45,3,249.74,Hill,India,SYNTHETIC_PROTOTYPE
IND_DEM_0195,Manipur,24.3320609,93.6791854,338.32,30,EPSG:4326,-9999,0,1,0.977,199.75,3,576.18,Plateau,India,SYNTHETIC_PROTOTYPE
IND_DEM_0196,Meghalaya,25.7560486,91.8771923,348.13,30,EPSG:4326,-9999,0,1,2.347,330.39,8,690.99,Plateau,India,SYNTHETIC_PROTOTYPE
IND_DEM_0197,Mizoram,23.8485689,93.1300234,293.56,30,EPSG:4326,-9999,0,1,5.725,320.65,3,35.69,Plateau,India,SYNTHETIC_PROTOTYPE
IND_DEM_0198,Nagaland,24.226406,94.6349796,320.73,30,EPSG:4326,-9999,0,1,5.575,78.56,5,89.8,Plateau,India,SYNTHETIC_PROTOTYPE
IND_DEM_0199,Odisha,20.2061773,84.2389876,270.69,30,EPSG:4326,-9999,0,1,6.686,154.97,3,16.48,Plateau,India,SYNTHETIC_PROTOTYPE
IND_DEM_0200,Punjab,31.167569,75.4233934,1619.78,30,EPSG:4326,-9999,0,1,3.721,155.21,7,123.14,Hill,India,SYNTHETIC_PROTOTYPE
IND_DEM_0201,Rajasthan,27.5082888,74.0019079,601.45,30,EPSG:4326,-9999,0,1,2.772,84.89,1,387.94,Plateau,India,SYNTHETIC_PROTOTYPE
IND_DEM_0202,Sikkim,26.4930808,87.3565789,70.92,30,EPSG:4326,-9999,1,1,7.865,71.46,5,3.64,Plain/Floodplain,India,SYNTHETIC_PROTOTYPE
IND_DEM_0203,Tamil Nadu,11.7167779,77.7887194,382.33,30,EPSG:4326,-9999,0,0,9.834,343.76,2,622.91,Plateau,India,SYNTHETIC_PROTOTYPE
IND_DEM_0204,Telangana,17.990912,78.9087645,259.22,30,EPSG:4326,-9999,0,1,4.216,195.65,1,151.55,Plateau,India,SYNTHETIC_PROTOTYPE
IND_DEM_0205,Tripura,23.9683294,92.3178179,351.09,30,EPSG:4326,-9999,0,1,5.805,219.86,5,13.21,Plateau,India,SYNTHETIC_PROTOTYPE
IND_DEM_0206,Uttar Pradesh,26.5575021,80.4458301,8.36,30,EPSG:4326,-9999,1,1,5.122,285.66,4,1889.28,Plain/Floodplain,India,SYNTHETIC_PROTOTYPE
IND_DEM_0207,Uttarakhand,29.338032,79.6255023,588.73,30,EPSG:4326,-9999,0,1,3.943,121.88,7,2.27,Plateau,India,SYNTHETIC_PROTOTYPE
IND_DEM_0208,West Bengal,21.9334393,87.4579684,309.03,30,EPSG:4326,-9999,0,1,3.978,168.53,2,4.02,Plateau,India,SYNTHETIC_PROTOTYPE
IND_DEM_0209,Jammu and Kashmir,32.7788527,74.5599793,2010.03,30,EPSG:4326,-9999,0,1,6.251,128.91,8,83.44,Mountain,India,SYNTHETIC_PROTOTYPE
IND_DEM_0210,Ladakh,34.8909684,77.8686512,2013.66,30,EPSG:4326,-9999,0,0,8.615,242.38,3,200.56,Mountain,India,SYNTHETIC_PROTOTYPE
IND_DEM_0211,Andhra Pradesh,16.4797856,80.9548133,270.74,30,EPSG:4326,-9999,0,1,3.215,7.12,1,1.73,Plateau,India,SYNTHETIC_PROTOTYPE
IND_DEM_0212,Arunachal Pradesh,27.4058256,94.4362441,339.41,30,EPSG:4326,-9999,0,0,8.62,306.58,2,1513.64,Plateau,India,SYNTHETIC_PROTOTYPE
IND_DEM_0213,Assam,26.8272602,91.4531188,335.64,30,EPSG:4326,-9999,0,0,8.099,354.42,7,7.24,Plateau,India,SYNTHETIC_PROTOTYPE
IND_DEM_0214,Bihar,25.4485446,85.1518049,173.79,30,EPSG:4326,-9999,1,1,6.55,226.7,2,2.27,Plain/Floodplain,India,SYNTHETIC_PROTOTYPE
IND_DEM_0215,Chhattisgarh,21.6784453,81.6342872,252.74,30,EPSG:4326,-9999,0,1,4.308,96.06,2,1.21,Plateau,India,SYNTHETIC_PROTOTYPE
IND_DEM_0216,Goa,14.1728884,74.1628518,760.22,30,EPSG:4326,-9999,0,1,0.865,46.48,5,260.53,Hill,India,SYNTHETIC_PROTOTYPE
IND_DEM_0217,Gujarat,22.305882,70.7940324,86.5,30,EPSG:4326,-9999,1,1,7.095,308.19,2,33.52,Plain/Floodplain,India,SYNTHETIC_PROTOTYPE
IND_DEM_0218,Haryana,28.8150851,76.1423769,1039.02,30,EPSG:4326,-9999,0,1,5.09,47.46,6,18.75,Hill,India,SYNTHETIC_PROTOTYPE
IND_DEM_0219,Himachal Pradesh,31.1470679,77.3497568,1191.72,30,EPSG:4326,-9999,0,1,3.311,196.71,2,6.23,Hill,India,SYNTHETIC_PROTOTYPE
IND_DEM_0220,Jharkhand,23.7142302,84.609864,109.25,30,EPSG:4326,-9999,1,1,5.684,285.33,2,148.44,Plain/Floodplain,India,SYNTHETIC_PROTOTYPE
IND_DEM_0221,Karnataka,15.1291741,76.1145126,698.21,30,EPSG:4326,-9999,0,1,4.05,9.58,5,951.8,Plateau,India,SYNTHETIC_PROTOTYPE
IND_DEM_0222,Kerala,10.9294472,76.3059732,800.66,30,EPSG:4326,-9999,0,0,8.277,136.83,6,188.66,Hill,India,SYNTHETIC_PROTOTYPE
IND_DEM_0223,Madhya Pradesh,23.8018537,77.1710754,414.65,30,EPSG:4326,-9999,0,1,3.81,102.55,7,57.17,Plateau,India,SYNTHETIC_PROTOTYPE
IND_DEM_0224,Maharashtra,20.4676779,75.1992904,898.2,30,EPSG:4326,-9999,0,0,9.401,43.62,4,3.28,Hill,India,SYNTHETIC_PROTOTYPE
IND_DEM_0225,Manipur,25.4022813,93.7760617,342.7,30,EPSG:4326,-9999,0,0,9.061,344.04,4,5.77,Plateau,India,SYNTHETIC_PROTOTYPE
IND_DEM_0226,Meghalaya,25.6884657,90.1270698,232.77,30,EPSG:4326,-9999,1,1,1.702,38.21,3,31.29,Plain/Floodplain,India,SYNTHETIC_PROTOTYPE
IND_DEM_0227,Mizoram,23.0637769,92.0560836,317.71,30,EPSG:4326,-9999,0,1,7.836,229.75,2,24.03,Plateau,India,SYNTHETIC_PROTOTYPE
IND_DEM_0228,Nagaland,26.6085675,94.5549583,190.66,30,EPSG:4326,-9999,1,1,6.946,27.12,2,619.34,Plain/Floodplain,India,SYNTHETIC_PROTOTYPE
IND_DEM_0229,Odisha,20.1582201,84.5900145,274.42,30,EPSG:4326,-9999,0,1,6.024,342.95,6,749.56,Plateau,India,SYNTHETIC_PROTOTYPE
IND_DEM_0230,Punjab,30.3482113,75.5135745,1481.16,30,EPSG:4326,-9999,0,1,0.638,103.23,2,3.58,Hill,India,SYNTHETIC_PROTOTYPE
IND_DEM_0231,Rajasthan,27.2155153,73.6203336,550.03,30,EPSG:4326,-9999,0,1,4.603,52.46,4,7.33,Plateau,India,SYNTHETIC_PROTOTYPE
IND_DEM_0232,Sikkim,27.9922346,87.287129,329.75,30,EPSG:4326,-9999,0,0,9.168,137.15,6,327.48,Plateau,India,SYNTHETIC_PROTOTYPE
IND_DEM_0233,Tamil Nadu,10.9079784,77.8509819,434.02,30,EPSG:4326,-9999,0,0,9.256,120.73,5,37.14,Plateau,India,SYNTHETIC_PROTOTYPE
IND_DEM_0234,Telangana,18.0451399,78.926497,222.84,30,EPSG:4326,-9999,1,1,0.193,9.37,7,54.92,Plain/Floodplain,India,SYNTHETIC_PROTOTYPE
IND_DEM_0235,Tripura,23.9727254,91.7873405,310.66,30,EPSG:4326,-9999,0,1,7.067,154.27,1,1014.03,Plateau,India,SYNTHETIC_PROTOTYPE
IND_DEM_0236,Uttar Pradesh,27.2840869,81.0082658,213.29,30,EPSG:4326,-9999,1,1,0.868,38.68,8,29.3,Plain/Floodplain,India,SYNTHETIC_PROTOTYPE
IND_DEM_0237,Uttarakhand,29.697092,79.2772754,697.41,30,EPSG:4326,-9999,0,1,4.557,304.33,7,260.53,Plateau,India,SYNTHETIC_PROTOTYPE
IND_DEM_0238,West Bengal,22.3071013,87.5576529,323.25,30,EPSG:4326,-9999,0,1,2.929,202.93,3,1.74,Plateau,India,SYNTHETIC_PROTOTYPE
IND_DEM_0239,Jammu and Kashmir,34.4915823,74.0269847,2194.6,30,EPSG:4326,-9999,0,0,15.448,349.57,8,7.73,Mountain,India,SYNTHETIC_PROTOTYPE
IND_DEM_0240,Ladakh,35.1228613,77.3899675,2152.07,30,EPSG:4326,-9999,0,1,4.694,11.99,3,6.11,Mountain,India,SYNTHETIC_PROTOTYPE
IND_DEM_0241,Andhra Pradesh,15.8443262,78.97808,278.39,30,EPSG:4326,-9999,0,1,4.869,303.98,1,796.12,Plateau,India,SYNTHETIC_PROTOTYPE
IND_DEM_0242,Arunachal Pradesh,28.5206873,94.3343267,593.52,30,EPSG:4326,-9999,0,0,9.524,203.54,3,195.02,Plateau,India,SYNTHETIC_PROTOTYPE
IND_DEM_0243,Assam,26.8384336,94.6542627,284.89,30,EPSG:4326,-9999,0,1,6.211,203.08,3,28.78,Plateau,India,SYNTHETIC_PROTOTYPE
IND_DEM_0244,Bihar,26.0700995,85.7287413,4.65,30,EPSG:4326,-9999,1,1,1.38,179.07,2,47.45,Plain/Floodplain,India,SYNTHETIC_PROTOTYPE
IND_DEM_0245,Chhattisgarh,21.0788972,82.0332618,184.17,30,EPSG:4326,-9999,1,1,7.191,293.63,8,2.31,Plain/Floodplain,India,SYNTHETIC_PROTOTYPE
IND_DEM_0246,Goa,15.1126565,74.7056635,858.61,30,EPSG:4326,-9999,0,1,6.038,19.18,2,1440.48,Hill,India,SYNTHETIC_PROTOTYPE
IND_DEM_0247,Gujarat,22.4889844,72.0627071,202.11,30,EPSG:4326,-9999,1,1,4.618,28.46,4,830.81,Plain/Floodplain,India,SYNTHETIC_PROTOTYPE
IND_DEM_0248,Haryana,27.6691278,76.0612679,768.6,30,EPSG:4326,-9999,0,1,6.706,51.77,4,37.85,Hill,India,SYNTHETIC_PROTOTYPE
IND_DEM_0249,Himachal Pradesh,31.3269291,77.5738657,1164.29,30,EPSG:4326,-9999,0,1,5.698,181.11,1,11.52,Hill,India,SYNTHETIC_PROTOTYPE
IND_DEM_0250,Jharkhand,23.5190876,83.9795558,244.02,30,EPSG:4326,-9999,1,1,0.311,213.6,8,15.29,Plain/Floodplain,India,SYNTHETIC_PROTOTYPE
IND_DEM_0251,Karnataka,14.7969412,75.4600874,930.8,30,EPSG:4326,-9999,0,0,10.015,136.53,3,2096.52,Hill,India,SYNTHETIC_PROTOTYPE
IND_DEM_0252,Kerala,10.4705529,76.7057382,665.71,30,EPSG:4326,-9999,0,0,11.155,117.62,5,4.55,Plateau,India,SYNTHETIC_PROTOTYPE
IND_DEM_0253,Madhya Pradesh,24.0576226,78.1659979,228.4,30,EPSG:4326,-9999,1,1,4.81,222.33,6,1.8,Plain/Floodplain,India,SYNTHETIC_PROTOTYPE
IND_DEM_0254,Maharashtra,19.8449004,77.4109968,361.72,30,EPSG:4326,-9999,0,1,2.073,53.72,4,364.28,Plateau,India,SYNTHETIC_PROTOTYPE
IND_DEM_0255,Manipur,25.7286459,94.6778773,305.03,30,EPSG:4326,-9999,0,1,0.409,265.37,2,30.8,Plateau,India,SYNTHETIC_PROTOTYPE
IND_DEM_0256,Meghalaya,24.6526764,92.4584417,347.82,30,EPSG:4326,-9999,0,0,9.651,192.44,8,1.47,Plateau,India,SYNTHETIC_PROTOTYPE
IND_DEM_0257,Mizoram,23.5643624,93.0001262,320.84,30,EPSG:4326,-9999,0,1,1.016,127.86,6,2949.24,Plateau,India,SYNTHETIC_PROTOTYPE
IND_DEM_0258,Nagaland,26.3598777,94.2690032,219.47,30,EPSG:4326,-9999,1,1,1.839,245.76,2,9.78,Plain/Floodplain,India,SYNTHETIC_PROTOTYPE
IND_DEM_0259,Odisha,19.4880708,84.4004218,265.98,30,EPSG:4326,-9999,0,1,7.316,275.97,3,375.05,Plateau,India,SYNTHETIC_PROTOTYPE
IND_DEM_0260,Punjab,31.5477776,74.7563425,1750.61,30,EPSG:4326,-9999,0,1,5.504,34.28,5,1671.08,Hill,India,SYNTHETIC_PROTOTYPE
IND_DEM_0261,Rajasthan,27.1457495,73.7288706,447.86,30,EPSG:4326,-9999,0,1,1.291,68.98,7,34.59,Plateau,India,SYNTHETIC_PROTOTYPE
IND_DEM_0262,Sikkim,26.3114174,88.5198954,165.62,30,EPSG:4326,-9999,1,1,0.672,289.59,2,1.16,Plain/Floodplain,India,SYNTHETIC_PROTOTYPE
IND_DEM_0263,Tamil Nadu,10.8400927,79.4196635,450.97,30,EPSG:4326,-9999,0,1,5.081,127.81,5,956.86,Plateau,India,SYNTHETIC_PROTOTYPE
IND_DEM_0264,Telangana,17.3705795,79.6775183,273.69,30,EPSG:4326,-9999,0,1,1.364,119.09,4,147.15,Plateau,India,SYNTHETIC_PROTOTYPE
IND_DEM_0265,Tripura,23.5967647,91.5126163,264.98,30,EPSG:4326,-9999,0,1,4.479,81.67,8,534.64,Plateau,India,SYNTHETIC_PROTOTYPE
IND_DEM_0266,Uttar Pradesh,25.8875483,80.7234002,91.43,30,EPSG:4326,-9999,1,1,2.701,319.24,3,55.87,Plain/Floodplain,India,SYNTHETIC_PROTOTYPE
IND_DEM_0267,Uttarakhand,30.9671903,79.5928572,919.93,30,EPSG:4326,-9999,0,0,12.953,139.91,3,69.83,Hill,India,SYNTHETIC_PROTOTYPE
IND_DEM_0268,West Bengal,22.642651,87.3462394,218.19,30,EPSG:4326,-9999,1,1,8.956,227.76,8,2.36,Plain/Floodplain,India,SYNTHETIC_PROTOTYPE
IND_DEM_0269,Jammu and Kashmir,33.8210798,75.3216523,2316.24,30,EPSG:4326,-9999,0,1,7.453,56.1,6,346.88,Mountain,India,SYNTHETIC_PROTOTYPE
IND_DEM_0270,Ladakh,33.2656759,78.156723,1496.08,30,EPSG:4326,-9999,0,1,2.267,221.88,5,3.4,Hill,India,SYNTHETIC_PROTOTYPE
IND_DEM_0271,Andhra Pradesh,16.0949114,79.4633151,290.75,30,EPSG:4326,-9999,0,1,2.212,9.24,2,1.95,Plateau,India,SYNTHETIC_PROTOTYPE
IND_DEM_0272,Arunachal Pradesh,28.1326863,95.1773105,560.33,30,EPSG:4326,-9999,0,1,5.772,276.99,4,1.14,Plateau,India,SYNTHETIC_PROTOTYPE
IND_DEM_0273,Assam,26.5480512,93.0773839,281.75,30,EPSG:4326,-9999,0,1,4.815,162.26,5,369.29,Plateau,India,SYNTHETIC_PROTOTYPE
IND_DEM_0274,Bihar,25.9123977,84.6132632,168.48,30,EPSG:4326,-9999,1,1,8.137,204.16,5,343.26,Plain/Floodplain,India,SYNTHETIC_PROTOTYPE
IND_DEM_0275,Chhattisgarh,22.1193668,81.2863333,199.12,30,EPSG:4326,-9999,1,1,12.345,246.32,8,9.36,Plain/Floodplain,India,SYNTHETIC_PROTOTYPE
IND_DEM_0276,Goa,15.2249715,74.5172182,700.2,30,EPSG:4326,-9999,0,0,12.36,34.46,8,274.0,Hill,India,SYNTHETIC_PROTOTYPE
IND_DEM_0277,Gujarat,22.06921,71.7377699,146.9,30,EPSG:4326,-9999,1,1,1.08,97.39,6,1.27,Plain/Floodplain,India,SYNTHETIC_PROTOTYPE
IND_DEM_0278,Haryana,29.3010636,76.7158781,1103.01,30,EPSG:4326,-9999,0,1,5.251,164.02,3,236.72,Hill,India,SYNTHETIC_PROTOTYPE
IND_DEM_0279,Himachal Pradesh,32.6110285,76.1795907,1780.2,30,EPSG:4326,-9999,0,1,6.971,215.14,7,3.05,Hill,India,SYNTHETIC_PROTOTYPE
IND_DEM_0280,Jharkhand,23.6772092,85.4948012,233.03,30,EPSG:4326,-9999,1,1,0.289,176.63,5,1.07,Plain/Floodplain,India,SYNTHETIC_PROTOTYPE
IND_DEM_0281,Karnataka,15.114671,74.8920577,910.44,30,EPSG:4326,-9999,0,1,1.944,114.85,7,17.65,Hill,India,SYNTHETIC_PROTOTYPE
IND_DEM_0282,Kerala,10.6376597,76.3210131,754.56,30,EPSG:4326,-9999,0,1,2.46,171.92,7,19.6,Hill,India,SYNTHETIC_PROTOTYPE
IND_DEM_0283,Madhya Pradesh,23.0839006,78.3010065,74.17,30,EPSG:4326,-9999,1,1,9.244,196.31,3,2580.48,Plain/Floodplain,India,SYNTHETIC_PROTOTYPE
IND_DEM_0284,Maharashtra,18.859973,75.2016837,926.4,30,EPSG:4326,-9999,0,1,1.84,237.25,1,993.29,Hill,India,SYNTHETIC_PROTOTYPE
IND_DEM_0285,Manipur,26.0405437,94.3774666,197.79,30,EPSG:4326,-9999,1,1,3.182,123.17,7,1046.74,Plain/Floodplain,India,SYNTHETIC_PROTOTYPE
IND_DEM_0286,Meghalaya,23.8361465,92.3018408,339.8,30,EPSG:4326,-9999,0,1,7.015,155.17,2,66.39,Plateau,India,SYNTHETIC_PROTOTYPE
IND_DEM_0287,Mizoram,22.6907803,93.0329117,342.58,30,EPSG:4326,-9999,0,1,7.117,234.06,8,1.75,Plateau,India,SYNTHETIC_PROTOTYPE
IND_DEM_0288,Nagaland,26.3681956,94.6814182,187.86,30,EPSG:4326,-9999,1,1,0.847,122.43,8,347.28,Plain/Floodplain,India,SYNTHETIC_PROTOTYPE
IND_DEM_0289,Odisha,20.6693293,84.4174125,285.61,30,EPSG:4326,-9999,0,1,1.181,292.85,1,2000.21,Plateau,India,SYNTHETIC_PROTOTYPE
IND_DEM_0290,Punjab,30.9499291,73.984538,1427.46,30,EPSG:4326,-9999,0,0,12.978,2.76,6,314.28,Hill,India,SYNTHETIC_PROTOTYPE
IND_DEM_0291,Rajasthan,26.3529972,72.349242,254.38,30,EPSG:4326,-9999,0,1,6.67,321.84,5,110.95,Plateau,India,SYNTHETIC_PROTOTYPE
IND_DEM_0292,Sikkim,27.3760022,88.9223942,212.81,30,EPSG:4326,-9999,1,1,8.989,208.0,3,4.29,Plain/Floodplain,India,SYNTHETIC_PROTOTYPE
IND_DEM_0293,Tamil Nadu,10.9118067,78.4459841,410.07,30,EPSG:4326,-9999,0,1,5.27,80.96,1,1361.59,Plateau,India,SYNTHETIC_PROTOTYPE
IND_DEM_0294,Telangana,17.6095678,78.6662415,327.47,30,EPSG:4326,-9999,0,1,6.629,301.1,6,854.67,Plateau,India,SYNTHETIC_PROTOTYPE
IND_DEM_0295,Tripura,23.7664287,91.444879,264.73,30,EPSG:4326,-9999,0,0,8.199,82.05,1,341.66,Plateau,India,SYNTHETIC_PROTOTYPE
IND_DEM_0296,Uttar Pradesh,26.6539872,81.2835079,87.71,30,EPSG:4326,-9999,1,1,0.953,345.97,7,81.85,Plain/Floodplain,India,SYNTHETIC_PROTOTYPE
IND_DEM_0297,Uttarakhand,30.4285312,78.6451259,911.35,30,EPSG:4326,-9999,0,1,5.574,303.88,4,88.72,Hill,India,SYNTHETIC_PROTOTYPE
IND_DEM_0298,West Bengal,22.919372,88.4348379,303.48,30,EPSG:4326,-9999,0,0,11.032,282.61,6,1139.75,Plateau,India,SYNTHETIC_PROTOTYPE
IND_DEM_0299,Jammu and Kashmir,33.9250158,77.1108811,1923.28,30,EPSG:4326,-9999,0,1,3.68,313.44,7,4.41,Mountain,India,SYNTHETIC_PROTOTYPE
IND_DEM_0300,Ladakh,33.859788,76.7092392,2096.21,30,EPSG:4326,-9999,0,1,3.43,248.35,2,8.73,Mountain,India,SYNTHETIC_PROTOTYPE
IND_DEM_0301,Andhra Pradesh,16.5717271,80.058381,270.67,30,EPSG:4326,-9999,0,1,3.389,214.23,5,28.14,Plateau,India,SYNTHETIC_PROTOTYPE
IND_DEM_0302,Arunachal Pradesh,27.4538051,94.4695617,498.74,30,EPSG:4326,-9999,0,1,5.901,223.73,4,2.91,Plateau,India,SYNTHETIC_PROTOTYPE
IND_DEM_0303,Assam,26.1805178,93.256253,240.49,30,EPSG:4326,-9999,1,1,5.034,235.88,6,1400.11,Plain/Floodplain,India,SYNTHETIC_PROTOTYPE
IND_DEM_0304,Bihar,26.1509111,84.2802139,21.96,30,EPSG:4326,-9999,1,1,0.148,5.55,8,22.18,Plain/Floodplain,India,SYNTHETIC_PROTOTYPE
IND_DEM_0305,Chhattisgarh,20.5577685,81.909483,167.28,30,EPSG:4326,-9999,1,1,1.962,80.12,8,11.85,Plain/Floodplain,India,SYNTHETIC_PROTOTYPE
IND_DEM_0306,Goa,15.0714534,73.5361495,487.02,30,EPSG:4326,-9999,0,1,2.864,122.35,5,2.83,Plateau,India,SYNTHETIC_PROTOTYPE
IND_DEM_0307,Gujarat,22.7003396,71.9186501,199.53,30,EPSG:4326,-9999,1,1,7.757,61.31,7,2.11,Plain/Floodplain,India,SYNTHETIC_PROTOTYPE
IND_DEM_0308,Haryana,28.6633999,75.3272856,1165.9,30,EPSG:4326,-9999,0,1,2.755,348.11,6,1.54,Hill,India,SYNTHETIC_PROTOTYPE
IND_DEM_0309,Himachal Pradesh,32.4233126,77.6184627,1382.02,30,EPSG:4326,-9999,0,0,11.995,221.1,7,1609.88,Hill,India,SYNTHETIC_PROTOTYPE
IND_DEM_0310,Jharkhand,24.0229585,83.9423456,156.6,30,EPSG:4326,-9999,1,1,2.258,176.07,8,151.28,Plain/Floodplain,India,SYNTHETIC_PROTOTYPE
IND_DEM_0311,Karnataka,15.0029891,76.0110171,755.7,30,EPSG:4326,-9999,0,0,8.26,52.22,3,1099.75,Hill,India,SYNTHETIC_PROTOTYPE
IND_DEM_0312,Kerala,11.0787516,77.0607595,511.64,30,EPSG:4326,-9999,0,0,10.867,289.73,6,279.38,Plateau,India,SYNTHETIC_PROTOTYPE
IND_DEM_0313,Madhya Pradesh,23.6339372,78.9055299,208.16,30,EPSG:4326,-9999,1,1,2.696,188.53,2,26.24,Plain/Floodplain,India,SYNTHETIC_PROTOTYPE
IND_DEM_0314,Maharashtra,19.0706707,76.0310777,825.77,30,EPSG:4326,-9999,0,0,12.288,194.94,4,14.62,Hill,India,SYNTHETIC_PROTOTYPE
IND_DEM_0315,Manipur,24.4899708,94.0801766,183.82,30,EPSG:4326,-9999,1,1,2.862,93.79,8,872.93,Plain/Floodplain,India,SYNTHETIC_PROTOTYPE
IND_DEM_0316,Meghalaya,25.2910473,91.891052,282.92,30,EPSG:4326,-9999,0,0,11.364,328.64,6,22.69,Plateau,India,SYNTHETIC_PROTOTYPE
IND_DEM_0317,Mizoram,23.9458822,92.7334718,288.02,30,EPSG:4326,-9999,0,0,10.72,115.17,2,105.56,Plateau,India,SYNTHETIC_PROTOTYPE
IND_DEM_0318,Nagaland,26.7042294,94.4759498,313.75,30,EPSG:4326,-9999,0,1,5.404,42.38,5,792.62,Plateau,India,SYNTHETIC_PROTOTYPE
IND_DEM_0319,Odisha,20.5480191,84.1620611,249.98,30,EPSG:4326,-9999,1,1,7.35,75.88,5,4.37,Plain/Floodplain,India,SYNTHETIC_PROTOTYPE
IND_DEM_0320,Punjab,31.9428162,75.2881824,1929.24,30,EPSG:4326,-9999,0,1,4.56,253.22,7,130.38,Mountain,India,SYNTHETIC_PROTOTYPE
IND_DEM_0321,Rajasthan,27.2124997,74.3942673,816.7,30,EPSG:4326,-9999,0,1,7.345,351.97,3,20.58,Hill,India,SYNTHETIC_PROTOTYPE
IND_DEM_0322,Sikkim,26.8882061,89.1264661,2.77,30,EPSG:4326,-9999,1,1,7.46,328.27,4,327.71,Plain/Floodplain,India,SYNTHETIC_PROTOTYPE
IND_DEM_0323,Tamil Nadu,11.7275348,76.849483,483.16,30,EPSG:4326,-9999,0,1,7.021,233.04,4,153.13,Plateau,India,SYNTHETIC_PROTOTYPE
IND_DEM_0324,Telangana,17.1560161,79.7246462,265.53,30,EPSG:4326,-9999,0,0,12.683,23.48,8,5.95,Plateau,India,SYNTHETIC_PROTOTYPE
IND_DEM_0325,Tripura,23.2395248,91.1264026,401.94,30,EPSG:4326,-9999,0,1,7.719,20.36,2,16.98,Plateau,India,SYNTHETIC_PROTOTYPE
IND_DEM_0326,Uttar Pradesh,26.7845012,81.9984879,86.6,30,EPSG:4326,-9999,1,1,2.97,276.8,5,1124.35,Plain/Floodplain,India,SYNTHETIC_PROTOTYPE
IND_DEM_0327,Uttarakhand,28.974555,79.2137788,540.53,30,EPSG:4326,-9999,0,0,9.612,10.5,3,175.91,Plateau,India,SYNTHETIC_PROTOTYPE
IND_DEM_0328,West Bengal,21.8748599,88.6036842,261.18,30,EPSG:4326,-9999,0,1,3.16,85.13,7,109.07,Plateau,India,SYNTHETIC_PROTOTYPE
IND_DEM_0329,Jammu and Kashmir,33.8796518,75.2409873,2320.63,30,EPSG:4326,-9999,0,0,13.194,0.07,1,522.64,Mountain,India,SYNTHETIC_PROTOTYPE
IND_DEM_0330,Ladakh,33.8118427,78.1958302,1718.64,30,EPSG:4326,-9999,0,0,9.961,53.51,8,1693.8,Hill,India,SYNTHETIC_PROTOTYPE
IND_DEM_0331,Andhra Pradesh,15.9436043,79.8887418,296.94,30,EPSG:4326,-9999,0,0,10.875,349.82,2,2488.78,Plateau,India,SYNTHETIC_PROTOTYPE
IND_DEM_0332,Arunachal Pradesh,28.5024088,94.5226378,612.27,30,EPSG:4326,-9999,0,1,1.776,293.07,4,378.77,Plateau,India,SYNTHETIC_PROTOTYPE
IND_DEM_0333,Assam,26.5011871,92.5274168,282.9,30,EPSG:4326,-9999,0,1,3.806,346.53,4,477.41,Plateau,India,SYNTHETIC_PROTOTYPE
IND_DEM_0334,Bihar,25.6870999,85.0503848,106.58,30,EPSG:4326,-9999,1,1,7.443,240.67,5,203.99,Plain/Floodplain,India,SYNTHETIC_PROTOTYPE
IND_DEM_0335,Chhattisgarh,22.3325494,80.4928248,230.62,30,EPSG:4326,-9999,1,1,4.573,316.96,7,199.69,Plain/Floodplain,India,SYNTHETIC_PROTOTYPE
IND_DEM_0336,Goa,15.3961289,74.8734855,848.64,30,EPSG:4326,-9999,0,0,11.377,345.33,8,2150.25,Hill,India,SYNTHETIC_PROTOTYPE
IND_DEM_0337,Gujarat,22.1877244,72.2633319,182.94,30,EPSG:4326,-9999,1,1,8.865,147.11,5,843.74,Plain/Floodplain,India,SYNTHETIC_PROTOTYPE
IND_DEM_0338,Haryana,28.146335,75.5682725,995.48,30,EPSG:4326,-9999,0,1,2.678,195.17,6,4.97,Hill,India,SYNTHETIC_PROTOTYPE
IND_DEM_0339,Himachal Pradesh,31.8948521,76.9848353,1471.26,30,EPSG:4326,-9999,0,1,2.576,278.55,1,1.37,Hill,India,SYNTHETIC_PROTOTYPE
IND_DEM_0340,Jharkhand,23.7714102,85.0367674,214.04,30,EPSG:4326,-9999,1,1,10.58,260.88,7,710.9,Plain/Floodplain,India,SYNTHETIC_PROTOTYPE
IND_DEM_0341,Karnataka,14.8282765,75.0151548,929.73,30,EPSG:4326,-9999,0,1,4.327,330.26,7,550.69,Hill,India,SYNTHETIC_PROTOTYPE
IND_DEM_0342,Kerala,11.3555527,76.634734,699.33,30,EPSG:4326,-9999,0,1,5.436,61.6,5,693.2,Plateau,India,SYNTHETIC_PROTOTYPE
IND_DEM_0343,Madhya Pradesh,23.7909871,77.5417082,268.83,30,EPSG:4326,-9999,0,1,4.465,315.65,4,7.0,Plateau,India,SYNTHETIC_PROTOTYPE
IND_DEM_0344,Maharashtra,19.7877084,76.582009,615.44,30,EPSG:4326,-9999,0,0,8.414,37.65,6,15.34,Plateau,India,SYNTHETIC_PROTOTYPE
IND_DEM_0345,Manipur,24.8530043,94.1615494,338.01,30,EPSG:4326,-9999,0,1,0.77,332.04,2,17.87,Plateau,India,SYNTHETIC_PROTOTYPE
IND_DEM_0346,Meghalaya,25.4249809,92.0261562,288.43,30,EPSG:4326,-9999,0,1,1.38,5.07,4,93.19,Plateau,India,SYNTHETIC_PROTOTYPE
IND_DEM_0347,Mizoram,24.0527374,92.4105787,281.0,30,EPSG:4326,-9999,0,1,2.595,44.77,2,8.95,Plateau,India,SYNTHETIC_PROTOTYPE
IND_DEM_0348,Nagaland,25.6715952,94.0208627,263.29,30,EPSG:4326,-9999,0,1,3.628,41.58,4,2.11,Plateau,India,SYNTHETIC_PROTOTYPE
IND_DEM_0349,Odisha,20.4337274,83.1886815,144.0,30,EPSG:4326,-9999,1,1,9.429,280.1,5,104.94,Plain/Floodplain,India,SYNTHETIC_PROTOTYPE
IND_DEM_0350,Punjab,30.7510679,74.831212,1701.91,30,EPSG:4326,-9999,0,1,5.439,282.47,3,67.69,Hill,India,SYNTHETIC_PROTOTYPE
IND_DEM_0351,Rajasthan,26.4795534,73.4410284,480.24,30,EPSG:4326,-9999,0,0,10.848,145.27,6,152.71,Plateau,India,SYNTHETIC_PROTOTYPE
IND_DEM_0352,Sikkim,26.8864724,88.1682182,74.85,30,EPSG:4326,-9999,1,1,4.119,17.36,7,1.82,Plain/Floodplain,India,SYNTHETIC_PROTOTYPE
IND_DEM_0353,Tamil Nadu,9.67169,78.0304714,377.23,30,EPSG:4326,-9999,0,1,5.659,20.01,1,20.03,Plateau,India,SYNTHETIC_PROTOTYPE
IND_DEM_0354,Telangana,18.1194266,78.7186787,205.56,30,EPSG:4326,-9999,1,1,6.957,130.54,7,181.13,Plain/Floodplain,India,SYNTHETIC_PROTOTYPE
IND_DEM_0355,Tripura,24.0513383,91.2538444,424.9,30,EPSG:4326,-9999,0,1,3.953,149.07,4,42.28,Plateau,India,SYNTHETIC_PROTOTYPE
IND_DEM_0356,Uttar Pradesh,27.3683535,80.1888012,246.62,30,EPSG:4326,-9999,1,1,3.525,52.21,3,43.33,Plain/Floodplain,India,SYNTHETIC_PROTOTYPE
IND_DEM_0357,Uttarakhand,29.7116248,79.5545317,607.19,30,EPSG:4326,-9999,0,0,18.057,211.61,3,7.45,Plateau,India,SYNTHETIC_PROTOTYPE
IND_DEM_0358,West Bengal,23.530837,88.2280018,71.19,30,EPSG:4326,-9999,1,1,2.158,33.47,5,426.32,Plain/Floodplain,India,SYNTHETIC_PROTOTYPE
IND_DEM_0359,Jammu and Kashmir,34.6446817,75.0895979,2435.01,30,EPSG:4326,-9999,0,1,4.333,4.73,7,62.25,Mountain,India,SYNTHETIC_PROTOTYPE
IND_DEM_0360,Ladakh,33.5275364,77.0026697,1852.22,30,EPSG:4326,-9999,0,0,8.549,98.97,7,6.51,Mountain,India,SYNTHETIC_PROTOTYPE
IND_DEM_0361,Andhra Pradesh,15.3534218,79.4290638,273.93,30,EPSG:4326,-9999,0,1,2.946,113.05,8,887.12,Plateau,India,SYNTHETIC_PROTOTYPE
IND_DEM_0362,Arunachal Pradesh,28.7104424,95.6154673,545.48,30,EPSG:4326,-9999,0,1,0.566,215.05,7,795.09,Plateau,India,SYNTHETIC_PROTOTYPE
IND_DEM_0363,Assam,26.4940369,90.916432,356.37,30,EPSG:4326,-9999,0,1,4.367,329.98,1,106.95,Plateau,India,SYNTHETIC_PROTOTYPE
IND_DEM_0364,Bihar,26.3720561,85.8703486,87.23,30,EPSG:4326,-9999,1,1,6.883,290.56,1,29.76,Plain/Floodplain,India,SYNTHETIC_PROTOTYPE
IND_DEM_0365,Chhattisgarh,21.3579108,83.1948746,268.01,30,EPSG:4326,-9999,0,1,7.108,68.76,8,20.29,Plateau,India,SYNTHETIC_PROTOTYPE
IND_DEM_0366,Goa,14.8294319,74.2872555,707.28,30,EPSG:4326,-9999,0,1,7.336,152.42,7,2.15,Hill,India,SYNTHETIC_PROTOTYPE
IND_DEM_0367,Gujarat,21.7188493,71.8163862,82.55,30,EPSG:4326,-9999,1,1,2.256,195.15,4,1275.64,Plain/Floodplain,India,SYNTHETIC_PROTOTYPE
IND_DEM_0368,Haryana,28.8366868,77.176388,702.24,30,EPSG:4326,-9999,0,1,3.519,299.1,6,1.05,Hill,India,SYNTHETIC_PROTOTYPE
IND_DEM_0369,Himachal Pradesh,32.1079218,77.595971,1402.76,30,EPSG:4326,-9999,0,0,10.483,345.69,6,46.12,Hill,India,SYNTHETIC_PROTOTYPE
IND_DEM_0370,Jharkhand,23.6444414,84.8912964,155.14,30,EPSG:4326,-9999,1,1,4.698,292.61,7,3.19,Plain/Floodplain,India,SYNTHETIC_PROTOTYPE
IND_DEM_0371,Karnataka,15.7691792,76.6269418,693.88,30,EPSG:4326,-9999,0,0,10.379,150.27,5,182.92,Plateau,India,SYNTHETIC_PROTOTYPE
IND_DEM_0372,Kerala,10.4676664,77.5693094,523.43,30,EPSG:4326,-9999,0,1,7.369,147.62,8,424.84,Plateau,India,SYNTHETIC_PROTOTYPE
IND_DEM_0373,Madhya Pradesh,23.3193538,79.7157798,88.34,30,EPSG:4326,-9999,1,1,1.444,296.3,7,16.26,Plain/Floodplain,India,SYNTHETIC_PROTOTYPE
IND_DEM_0374,Maharashtra,19.8280762,75.3150815,829.36,30,EPSG:4326,-9999,0,1,0.1,111.64,6,25.16,Hill,India,SYNTHETIC_PROTOTYPE
IND_DEM_0375,Manipur,25.4875721,94.3237612,141.99,30,EPSG:4326,-9999,1,1,0.224,55.83,2,649.71,Plain/Floodplain,India,SYNTHETIC_PROTOTYPE
IND_DEM_0376,Meghalaya,24.8122359,91.846625,192.42,30,EPSG:4326,-9999,1,1,5.296,221.64,2,1456.86,Plain/Floodplain,India,SYNTHETIC_PROTOTYPE
IND_DEM_0377,Mizoram,22.4510371,92.0906682,216.41,30,EPSG:4326,-9999,1,1,4.707,272.65,1,1.1,Plain/Floodplain,India,SYNTHETIC_PROTOTYPE
IND_DEM_0378,Nagaland,25.9659371,95.2571615,283.56,30,EPSG:4326,-9999,0,1,4.618,189.08,6,835.43,Plateau,India,SYNTHETIC_PROTOTYPE
IND_DEM_0379,Odisha,20.1361453,84.2484681,318.36,30,EPSG:4326,-9999,0,0,11.512,202.94,6,356.44,Plateau,India,SYNTHETIC_PROTOTYPE
IND_DEM_0380,Punjab,31.2652999,76.4057348,1420.29,30,EPSG:4326,-9999,0,1,1.683,220.71,5,298.07,Hill,India,SYNTHETIC_PROTOTYPE
IND_DEM_0381,Rajasthan,26.4270656,74.6742826,773.59,30,EPSG:4326,-9999,0,1,5.542,151.79,1,1.04,Hill,India,SYNTHETIC_PROTOTYPE
IND_DEM_0382,Sikkim,28.1277797,89.5071411,475.92,30,EPSG:4326,-9999,0,1,0.438,196.46,2,138.09,Plateau,India,SYNTHETIC_PROTOTYPE
IND_DEM_0383,Tamil Nadu,11.6499329,79.0611909,316.21,30,EPSG:4326,-9999,0,1,7.476,42.5,6,2.58,Plateau,India,SYNTHETIC_PROTOTYPE
IND_DEM_0384,Telangana,17.2220279,78.2093407,335.45,30,EPSG:4326,-9999,0,1,6.606,356.03,6,34.71,Plateau,India,SYNTHETIC_PROTOTYPE
IND_DEM_0385,Tripura,24.5807531,90.9374277,296.11,30,EPSG:4326,-9999,0,1,5.577,143.87,7,27.99,Plateau,India,SYNTHETIC_PROTOTYPE
IND_DEM_0386,Uttar Pradesh,26.7855938,79.9757806,61.88,30,EPSG:4326,-9999,1,1,10.876,320.6,3,1.69,Plain/Floodplain,India,SYNTHETIC_PROTOTYPE
IND_DEM_0387,Uttarakhand,29.6377342,78.112441,646.69,30,EPSG:4326,-9999,0,0,8.256,274.72,2,1.61,Plateau,India,SYNTHETIC_PROTOTYPE
IND_DEM_0388,West Bengal,23.9057305,87.0195738,129.32,30,EPSG:4326,-9999,1,1,8.793,258.64,1,201.98,Plain/Floodplain,India,SYNTHETIC_PROTOTYPE
IND_DEM_0389,Jammu and Kashmir,34.5590143,73.5707295,2130.79,30,EPSG:4326,-9999,0,0,9.434,28.51,3,906.12,Mountain,India,SYNTHETIC_PROTOTYPE
IND_DEM_0390,Ladakh,33.7126087,77.0640819,1791.34,30,EPSG:4326,-9999,0,1,3.358,251.58,6,97.56,Hill,India,SYNTHETIC_PROTOTYPE
IND_DEM_0391,Andhra Pradesh,17.0969915,79.7584158,239.88,30,EPSG:4326,-9999,1,1,1.565,319.39,1,10.81,Plain/Floodplain,India,SYNTHETIC_PROTOTYPE
IND_DEM_0392,Arunachal Pradesh,28.5676694,96.0608589,407.99,30,EPSG:4326,-9999,0,1,7.112,168.78,5,1.95,Plateau,India,SYNTHETIC_PROTOTYPE
IND_DEM_0393,Assam,26.3232736,92.6664613,424.91,30,EPSG:4326,-9999,0,0,8.519,264.07,4,4.16,Plateau,India,SYNTHETIC_PROTOTYPE
IND_DEM_0394,Bihar,26.0174035,85.6792788,77.51,30,EPSG:4326,-9999,1,1,9.178,353.38,8,383.06,Plain/Floodplain,India,SYNTHETIC_PROTOTYPE
IND_DEM_0395,Chhattisgarh,22.4415321,81.5902474,227.11,30,EPSG:4326,-9999,1,1,4.439,102.61,4,44.3,Plain/Floodplain,India,SYNTHETIC_PROTOTYPE
IND_DEM_0396,Goa,15.249788,74.6073052,818.76,30,EPSG:4326,-9999,0,1,0.161,149.12,8,11.53,Hill,India,SYNTHETIC_PROTOTYPE
IND_DEM_0397,Gujarat,22.0607998,71.8054577,99.67,30,EPSG:4326,-9999,1,1,1.018,323.42,2,1546.3,Plain/Floodplain,India,SYNTHETIC_PROTOTYPE
IND_DEM_0398,Haryana,29.7941634,76.5512279,1204.39,30,EPSG:4326,-9999,0,0,10.467,91.55,3,67.02,Hill,India,SYNTHETIC_PROTOTYPE
IND_DEM_0399,Himachal Pradesh,32.0741106,78.316877,1325.54,30,EPSG:4326,-9999,0,0,12.218,172.91,1,1.05,Hill,India,SYNTHETIC_PROTOTYPE
IND_DEM_0400,Jharkhand,22.7128411,85.0106686,229.12,30,EPSG:4326,-9999,1,1,9.575,165.29,1,1.27,Plain/Floodplain,India,SYNTHETIC_PROTOTYPE
IND_DEM_0401,Karnataka,14.0426447,75.7821071,869.22,30,EPSG:4326,-9999,0,0,9.796,315.73,5,1099.38,Hill,India,SYNTHETIC_PROTOTYPE
IND_DEM_0402,Kerala,11.2996665,76.58966,697.25,30,EPSG:4326,-9999,0,1,2.427,45.12,4,17.61,Plateau,India,SYNTHETIC_PROTOTYPE
IND_DEM_0403,Madhya Pradesh,23.6274808,77.7611186,182.21,30,EPSG:4326,-9999,1,1,10.164,17.26,5,5.33,Plain/Floodplain,India,SYNTHETIC_PROTOTYPE
IND_DEM_0404,Maharashtra,18.8631945,76.5111515,605.76,30,EPSG:4326,-9999,0,0,11.094,353.52,6,71.23,Plateau,India,SYNTHETIC_PROTOTYPE
IND_DEM_0405,Manipur,24.6914113,94.0480324,246.09,30,EPSG:4326,-9999,1,1,9.634,97.09,2,5.19,Plain/Floodplain,India,SYNTHETIC_PROTOTYPE
IND_DEM_0406,Meghalaya,25.4631849,91.165913,279.39,30,EPSG:4326,-9999,0,1,2.966,92.68,5,2359.21,Plateau,India,SYNTHETIC_PROTOTYPE
IND_DEM_0407,Mizoram,22.9252588,93.3413682,210.77,30,EPSG:4326,-9999,1,1,3.235,243.4,2,2.83,Plain/Floodplain,India,SYNTHETIC_PROTOTYPE
IND_DEM_0408,Nagaland,26.805288,94.5068452,159.89,30,EPSG:4326,-9999,1,1,9.559,183.62,4,2087.58,Plain/Floodplain,India,SYNTHETIC_PROTOTYPE
IND_DEM_0409,Odisha,21.0850861,84.0934105,150.79,30,EPSG:4326,-9999,1,1,2.535,342.98,3,12.44,Plain/Floodplain,India,SYNTHETIC_PROTOTYPE
IND_DEM_0410,Punjab,30.4804967,76.8953792,1182.48,30,EPSG:4326,-9999,0,0,14.523,194.69,8,1050.11,Hill,India,SYNTHETIC_PROTOTYPE
IND_DEM_0411,Rajasthan,26.9121611,74.9363898,788.69,30,EPSG:4326,-9999,0,1,1.831,353.79,4,84.37,Hill,India,SYNTHETIC_PROTOTYPE
IND_DEM_0412,Sikkim,27.4048283,88.7403935,241.07,30,EPSG:4326,-9999,1,1,2.463,2.32,2,1.21,Plain/Floodplain,India,SYNTHETIC_PROTOTYPE
IND_DEM_0413,Tamil Nadu,10.5882409,77.9792618,420.52,30,EPSG:4326,-9999,0,0,12.877,244.77,5,2361.71,Plateau,India,SYNTHETIC_PROTOTYPE
IND_DEM_0414,Telangana,17.4220064,78.7657376,320.43,30,EPSG:4326,-9999,0,1,4.081,342.81,3,30.71,Plateau,India,SYNTHETIC_PROTOTYPE
IND_DEM_0415,Tripura,23.4860466,91.7251791,372.37,30,EPSG:4326,-9999,0,1,0.962,194.67,3,1.04,Plateau,India,SYNTHETIC_PROTOTYPE
IND_DEM_0416,Uttar Pradesh,26.7538529,82.0826481,79.81,30,EPSG:4326,-9999,1,1,3.651,22.73,4,24.43,Plain/Floodplain,India,SYNTHETIC_PROTOTYPE
IND_DEM_0417,Uttarakhand,31.0739977,77.7021326,1095.87,30,EPSG:4326,-9999,0,1,6.242,83.39,6,14.48,Hill,India,SYNTHETIC_PROTOTYPE
IND_DEM_0418,West Bengal,23.3547402,87.3633892,206.99,30,EPSG:4326,-9999,1,1,8.139,104.39,3,5.21,Plain/Floodplain,India,SYNTHETIC_PROTOTYPE
IND_DEM_0419,Jammu and Kashmir,33.4908123,75.0187462,2099.77,30,EPSG:4326,-9999,0,0,8.552,351.4,5,334.75,Mountain,India,SYNTHETIC_PROTOTYPE
IND_DEM_0420,Ladakh,34.5088137,78.1916299,1782.96,30,EPSG:4326,-9999,0,0,9.644,276.74,6,1510.09,Hill,India,SYNTHETIC_PROTOTYPE
IND_DEM_0421,Andhra Pradesh,15.8246465,80.8365719,286.03,30,EPSG:4326,-9999,0,0,11.206,171.5,3,599.82,Plateau,India,SYNTHETIC_PROTOTYPE
IND_DEM_0422,Arunachal Pradesh,27.5587604,94.5500588,376.25,30,EPSG:4326,-9999,0,1,1.459,285.84,5,15.25,Plateau,India,SYNTHETIC_PROTOTYPE
IND_DEM_0423,Assam,26.9279961,92.9756495,279.48,30,EPSG:4326,-9999,0,1,0.874,82.18,3,12.37,Plateau,India,SYNTHETIC_PROTOTYPE
IND_DEM_0424,Bihar,25.831277,85.4294077,148.36,30,EPSG:4326,-9999,1,1,10.508,9.31,2,1.3,Plain/Floodplain,India,SYNTHETIC_PROTOTYPE
IND_DEM_0425,Chhattisgarh,22.5779071,81.6642551,249.43,30,EPSG:4326,-9999,1,1,5.231,149.35,1,173.5,Plain/Floodplain,India,SYNTHETIC_PROTOTYPE
IND_DEM_0426,Goa,15.6356263,73.3632422,477.93,30,EPSG:4326,-9999,0,1,6.869,49.91,2,1.52,Plateau,India,SYNTHETIC_PROTOTYPE
IND_DEM_0427,Gujarat,23.1078825,71.0715621,85.45,30,EPSG:4326,-9999,1,1,10.971,293.47,7,2.5,Plain/Floodplain,India,SYNTHETIC_PROTOTYPE
IND_DEM_0428,Haryana,29.0248734,76.0937223,1186.31,30,EPSG:4326,-9999,0,1,6.231,69.7,6,176.82,Hill,India,SYNTHETIC_PROTOTYPE
IND_DEM_0429,Himachal Pradesh,31.7171946,76.5718496,1570.65,30,EPSG:4326,-9999,0,1,5.374,241.08,8,54.91,Hill,India,SYNTHETIC_PROTOTYPE
IND_DEM_0430,Jharkhand,24.0693315,84.6715406,124.82,30,EPSG:4326,-9999,1,1,7.46,79.4,6,2.15,Plain/Floodplain,India,SYNTHETIC_PROTOTYPE
IND_DEM_0431,Karnataka,15.3466248,76.5422171,702.93,30,EPSG:4326,-9999,0,1,7.224,35.45,2,93.96,Hill,India,SYNTHETIC_PROTOTYPE
IND_DEM_0432,Kerala,11.2406199,76.3923088,721.38,30,EPSG:4326,-9999,0,1,1.632,62.14,6,2927.13,Hill,India,SYNTHETIC_PROTOTYPE
IND_DEM_0433,Madhya Pradesh,22.7104549,78.3537534,256.73,30,EPSG:4326,-9999,0,1,3.03,218.8,7,1.78,Plateau,India,SYNTHETIC_PROTOTYPE
IND_DEM_0434,Maharashtra,20.0431286,76.6154031,636.74,30,EPSG:4326,-9999,0,1,7.563,180.07,7,709.36,Plateau,India,SYNTHETIC_PROTOTYPE
IND_DEM_0435,Manipur,25.0539949,94.0052765,397.84,30,EPSG:4326,-9999,0,1,4.473,334.04,8,1.22,Plateau,India,SYNTHETIC_PROTOTYPE
IND_DEM_0436,Meghalaya,26.3714169,90.002256,202.73,30,EPSG:4326,-9999,1,1,0.978,253.87,2,124.54,Plain/Floodplain,India,SYNTHETIC_PROTOTYPE
IND_DEM_0437,Mizoram,23.0917557,92.7182368,457.87,30,EPSG:4326,-9999,0,1,5.733,53.72,6,1.62,Plateau,India,SYNTHETIC_PROTOTYPE
IND_DEM_0438,Nagaland,25.4876811,94.0049677,309.52,30,EPSG:4326,-9999,0,1,1.344,134.71,7,2968.64,Plateau,India,SYNTHETIC_PROTOTYPE
IND_DEM_0439,Odisha,19.7343276,84.5996002,242.81,30,EPSG:4326,-9999,1,1,5.771,127.67,2,22.79,Plain/Floodplain,India,SYNTHETIC_PROTOTYPE
IND_DEM_0440,Punjab,30.3728958,75.1950612,1400.85,30,EPSG:4326,-9999,0,1,3.82,68.79,3,2783.03,Hill,India,SYNTHETIC_PROTOTYPE
IND_DEM_0441,Rajasthan,26.6437171,73.9525322,674.05,30,EPSG:4326,-9999,0,1,0.012,236.35,5,1.09,Plateau,India,SYNTHETIC_PROTOTYPE
IND_DEM_0442,Sikkim,26.908662,89.5767988,253.23,30,EPSG:4326,-9999,0,1,0.896,32.23,5,1.26,Plateau,India,SYNTHETIC_PROTOTYPE
IND_DEM_0443,Tamil Nadu,10.9393683,79.4143611,371.56,30,EPSG:4326,-9999,0,1,4.395,213.48,8,1109.04,Plateau,India,SYNTHETIC_PROTOTYPE
IND_DEM_0444,Telangana,17.1187866,77.3531411,429.25,30,EPSG:4326,-9999,0,1,5.84,14.38,4,1229.4,Plateau,India,SYNTHETIC_PROTOTYPE
IND_DEM_0445,Tripura,23.8581029,90.968046,140.87,30,EPSG:4326,-9999,1,1,5.728,59.7,5,1.05,Plain/Floodplain,India,SYNTHETIC_PROTOTYPE
IND_DEM_0446,Uttar Pradesh,26.6948808,81.2666508,67.47,30,EPSG:4326,-9999,1,1,7.731,122.67,2,486.05,Plain/Floodplain,India,SYNTHETIC_PROTOTYPE
IND_DEM_0447,Uttarakhand,31.3251639,77.8784121,1163.44,30,EPSG:4326,-9999,0,0,8.096,282.93,8,2542.57,Hill,India,SYNTHETIC_PROTOTYPE
IND_DEM_0448,West Bengal,23.8973361,87.3750443,84.17,30,EPSG:4326,-9999,1,1,2.171,16.46,1,355.86,Plain/Floodplain,India,SYNTHETIC_PROTOTYPE
IND_DEM_0449,Jammu and Kashmir,34.4347849,76.1876291,2231.4,30,EPSG:4326,-9999,0,0,9.89,161.87,1,480.09,Mountain,India,SYNTHETIC_PROTOTYPE
IND_DEM_0450,Ladakh,33.6914561,78.0649119,1574.06,30,EPSG:4326,-9999,0,0,8.068,306.81,5,7.68,Hill,India,SYNTHETIC_PROTOTYPE
IND_DEM_0451,Andhra Pradesh,16.0174716,80.0752268,330.43,30,EPSG:4326,-9999,0,0,11.104,311.35,3,130.56,Plateau,India,SYNTHETIC_PROTOTYPE
IND_DEM_0452,Arunachal Pradesh,26.9675733,95.045142,244.03,30,EPSG:4326,-9999,1,1,2.73,294.4,1,1.75,Plain/Floodplain,India,SYNTHETIC_PROTOTYPE
IND_DEM_0453,Assam,26.5821377,92.3597014,314.43,30,EPSG:4326,-9999,0,1,1.813,244.03,4,64.11,Plateau,India,SYNTHETIC_PROTOTYPE
IND_DEM_0454,Bihar,26.4124558,86.0744199,125.41,30,EPSG:4326,-9999,1,1,7.909,313.77,2,3.06,Plain/Floodplain,India,SYNTHETIC_PROTOTYPE
IND_DEM_0455,Chhattisgarh,20.5527112,81.3673616,170.77,30,EPSG:4326,-9999,1,1,0.79,171.48,5,2473.49,Plain/Floodplain,India,SYNTHETIC_PROTOTYPE
IND_DEM_0456,Goa,14.8863804,74.1299476,587.92,30,EPSG:4326,-9999,0,1,1.973,67.02,1,1.04,Plateau,India,SYNTHETIC_PROTOTYPE
IND_DEM_0457,Gujarat,22.4178116,71.3490926,32.12,30,EPSG:4326,-9999,1,1,4.479,253.06,5,407.48,Plain/Floodplain,India,SYNTHETIC_PROTOTYPE
IND_DEM_0458,Haryana,28.6150354,75.1428422,1135.2,30,EPSG:4326,-9999,0,1,6.907,13.46,4,1574.57,Hill,India,SYNTHETIC_PROTOTYPE
IND_DEM_0459,Himachal Pradesh,31.3789775,77.911978,1078.56,30,EPSG:4326,-9999,0,1,3.018,214.29,7,112.97,Hill,India,SYNTHETIC_PROTOTYPE
IND_DEM_0460,Jharkhand,23.7526365,85.4446101,223.29,30,EPSG:4326,-9999,1,1,4.856,345.78,2,3.37,Plain/Floodplain,India,SYNTHETIC_PROTOTYPE
IND_DEM_0461,Karnataka,15.0259759,74.6293193,713.95,30,EPSG:4326,-9999,0,0,8.071,295.05,6,21.95,Hill,India,SYNTHETIC_PROTOTYPE
IND_DEM_0462,Kerala,10.7572792,75.8598271,841.34,30,EPSG:4326,-9999,0,1,0.236,187.14,1,64.0,Hill,India,SYNTHETIC_PROTOTYPE
IND_DEM_0463,Madhya Pradesh,23.8446456,78.0648119,259.73,30,EPSG:4326,-9999,0,1,3.506,174.99,8,93.85,Plateau,India,SYNTHETIC_PROTOTYPE
IND_DEM_0464,Maharashtra,19.4832451,76.2213955,760.04,30,EPSG:4326,-9999,0,1,6.428,270.44,3,2663.63,Hill,India,SYNTHETIC_PROTOTYPE
IND_DEM_0465,Manipur,23.6698833,92.8172177,359.23,30,EPSG:4326,-9999,0,1,4.571,212.67,7,29.73,Plateau,India,SYNTHETIC_PROTOTYPE
IND_DEM_0466,Meghalaya,25.47853,91.2384044,292.11,30,EPSG:4326,-9999,0,1,4.302,210.96,1,3.2,Plateau,India,SYNTHETIC_PROTOTYPE
IND_DEM_0467,Mizoram,24.0967508,92.0153078,346.85,30,EPSG:4326,-9999,0,1,0.895,224.98,3,92.97,Plateau,India,SYNTHETIC_PROTOTYPE
IND_DEM_0468,Nagaland,26.5660298,94.1176525,351.78,30,EPSG:4326,-9999,0,1,0.647,184.7,8,1.38,Plateau,India,SYNTHETIC_PROTOTYPE
IND_DEM_0469,Odisha,20.5603887,82.7409158,165.16,30,EPSG:4326,-9999,1,1,10.682,66.25,4,10.04,Plain/Floodplain,India,SYNTHETIC_PROTOTYPE
IND_DEM_0470,Punjab,31.5858469,76.4234485,1504.24,30,EPSG:4326,-9999,0,0,9.694,129.18,6,2.24,Hill,India,SYNTHETIC_PROTOTYPE
IND_DEM_0471,Rajasthan,26.3550451,73.3030233,411.32,30,EPSG:4326,-9999,0,1,4.966,126.85,7,5.53,Plateau,India,SYNTHETIC_PROTOTYPE
IND_DEM_0472,Sikkim,28.0437572,87.1919219,348.86,30,EPSG:4326,-9999,0,1,7.903,142.43,2,110.52,Plateau,India,SYNTHETIC_PROTOTYPE
IND_DEM_0473,Tamil Nadu,11.3116145,79.3270452,259.69,30,EPSG:4326,-9999,0,1,0.002,268.7,1,17.21,Plateau,India,SYNTHETIC_PROTOTYPE
IND_DEM_0474,Telangana,17.5778887,79.3901737,220.12,30,EPSG:4326,-9999,1,1,8.167,1.3,3,1.9,Plain/Floodplain,India,SYNTHETIC_PROTOTYPE
IND_DEM_0475,Tripura,23.4556402,91.7931546,364.84,30,EPSG:4326,-9999,0,1,0.889,68.73,4,611.56,Plateau,India,SYNTHETIC_PROTOTYPE
IND_DEM_0476,Uttar Pradesh,25.9153203,81.0709924,82.87,30,EPSG:4326,-9999,1,1,13.128,134.38,5,2.01,Plain/Floodplain,India,SYNTHETIC_PROTOTYPE
IND_DEM_0477,Uttarakhand,30.0353066,79.5387622,841.02,30,EPSG:4326,-9999,0,0,10.927,185.85,2,2.74,Hill,India,SYNTHETIC_PROTOTYPE
IND_DEM_0478,West Bengal,23.150454,87.3973438,133.12,30,EPSG:4326,-9999,1,1,1.285,84.36,1,6.1,Plain/Floodplain,India,SYNTHETIC_PROTOTYPE
IND_DEM_0479,Jammu and Kashmir,33.9482397,75.5042198,2274.5,30,EPSG:4326,-9999,0,0,15.062,165.24,2,27.99,Mountain,India,SYNTHETIC_PROTOTYPE
IND_DEM_0480,Ladakh,34.2515168,77.9931736,1805.62,30,EPSG:4326,-9999,0,1,5.168,108.05,5,2349.47,Mountain,India,SYNTHETIC_PROTOTYPE
IND_DEM_0481,Andhra Pradesh,15.5026663,80.432353,392.06,30,EPSG:4326,-9999,0,1,1.686,334.09,1,66.23,Plateau,India,SYNTHETIC_PROTOTYPE
IND_DEM_0482,Arunachal Pradesh,28.1339642,94.2091815,406.6,30,EPSG:4326,-9999,0,0,10.728,89.2,3,1.34,Plateau,India,SYNTHETIC_PROTOTYPE
IND_DEM_0483,Assam,26.3909385,92.6494791,290.27,30,EPSG:4326,-9999,0,1,0.392,299.99,2,954.76,Plateau,India,SYNTHETIC_PROTOTYPE
IND_DEM_0484,Bihar,26.3667893,85.9593186,207.09,30,EPSG:4326,-9999,1,1,6.251,102.95,6,18.01,Plain/Floodplain,India,SYNTHETIC_PROTOTYPE
IND_DEM_0485,Chhattisgarh,20.4718478,81.1093516,226.34,30,EPSG:4326,-9999,1,1,4.186,226.85,3,1.04,Plain/Floodplain,India,SYNTHETIC_PROTOTYPE
IND_DEM_0486,Goa,14.8532712,74.2170077,713.75,30,EPSG:4326,-9999,0,1,2.267,209.3,5,23.15,Hill,India,SYNTHETIC_PROTOTYPE
IND_DEM_0487,Gujarat,21.5396535,71.4532945,0.0,30,EPSG:4326,-9999,1,1,9.552,173.06,3,414.84,Plain/Floodplain,India,SYNTHETIC_PROTOTYPE
IND_DEM_0488,Haryana,28.9241716,75.9745464,1029.55,30,EPSG:4326,-9999,0,0,8.117,178.23,7,115.24,Hill,India,SYNTHETIC_PROTOTYPE
IND_DEM_0489,Himachal Pradesh,31.6277451,77.2616785,1434.25,30,EPSG:4326,-9999,0,1,6.552,13.24,8,107.63,Hill,India,SYNTHETIC_PROTOTYPE
IND_DEM_0490,Jharkhand,23.2701816,85.3846638,213.23,30,EPSG:4326,-9999,1,1,6.243,78.97,8,39.59,Plain/Floodplain,India,SYNTHETIC_PROTOTYPE
IND_DEM_0491,Karnataka,15.1962783,76.5263024,579.3,30,EPSG:4326,-9999,0,1,3.362,287.82,6,563.14,Plateau,India,SYNTHETIC_PROTOTYPE
IND_DEM_0492,Kerala,9.7959386,75.9317245,922.12,30,EPSG:4326,-9999,0,0,9.352,85.65,1,170.1,Hill,India,SYNTHETIC_PROTOTYPE
IND_DEM_0493,Madhya Pradesh,23.7188923,77.9553644,185.67,30,EPSG:4326,-9999,1,1,11.606,145.72,1,31.87,Plain/Floodplain,India,SYNTHETIC_PROTOTYPE
IND_DEM_0494,Maharashtra,18.7631915,76.0791938,796.84,30,EPSG:4326,-9999,0,1,0.876,89.55,8,789.55,Hill,India,SYNTHETIC_PROTOTYPE
IND_DEM_0495,Manipur,23.9236831,94.8910549,320.38,30,EPSG:4326,-9999,0,1,6.872,90.31,1,396.67,Plateau,India,SYNTHETIC_PROTOTYPE
IND_DEM_0496,Meghalaya,26.3212861,91.5527967,312.14,30,EPSG:4326,-9999,0,1,1.639,185.92,5,2241.73,Plateau,India,SYNTHETIC_PROTOTYPE
IND_DEM_0497,Mizoram,23.4667403,93.1626285,394.06,30,EPSG:4326,-9999,0,1,0.517,151.39,7,2710.4,Plateau,India,SYNTHETIC_PROTOTYPE
IND_DEM_0498,Nagaland,26.1305838,94.8125332,312.28,30,EPSG:4326,-9999,0,1,0.329,197.44,7,782.31,Plateau,India,SYNTHETIC_PROTOTYPE
IND_DEM_0499,Odisha,20.7841629,84.141262,234.61,30,EPSG:4326,-9999,1,1,7.098,87.43,7,152.35,Plain/Floodplain,India,SYNTHETIC_PROTOTYPE
IND_DEM_0500,Punjab,30.7125151,74.5530394,1431.79,30,EPSG:4326,-9999,0,0,9.075,271.41,4,54.78,Hill,India,SYNTHETIC_PROTOTYPE
IND_DEM_0501,Rajasthan,26.4706068,73.0317316,305.55,30,EPSG:4326,-9999,0,1,0.514,258.9,4,3.8,Plateau,India,SYNTHETIC_PROTOTYPE
IND_DEM_0502,Sikkim,27.0912066,87.4011429,86.11,30,EPSG:4326,-9999,1,1,1.556,224.11,1,42.0,Plain/Floodplain,India,SYNTHETIC_PROTOTYPE
IND_DEM_0503,Tamil Nadu,11.4611042,78.5097166,336.51,30,EPSG:4326,-9999,0,1,2.641,206.06,3,963.45,Plateau,India,SYNTHETIC_PROTOTYPE
IND_DEM_0504,Telangana,17.6691171,78.7258463,305.17,30,EPSG:4326,-9999,0,1,1.47,329.72,6,1312.73,Plateau,India,SYNTHETIC_PROTOTYPE
IND_DEM_0505,Tripura,23.6105849,90.6087159,324.56,30,EPSG:4326,-9999,0,1,6.21,10.44,7,338.26,Plateau,India,SYNTHETIC_PROTOTYPE
IND_DEM_0506,Uttar Pradesh,27.5630639,80.3645794,222.7,30,EPSG:4326,-9999,1,1,5.154,344.43,5,306.51,Plain/Floodplain,India,SYNTHETIC_PROTOTYPE
IND_DEM_0507,Uttarakhand,30.4173731,78.9279996,814.86,30,EPSG:4326,-9999,0,1,7.338,44.11,3,1.18,Hill,India,SYNTHETIC_PROTOTYPE
IND_DEM_0508,West Bengal,23.4851809,87.8531808,128.23,30,EPSG:4326,-9999,1,1,1.899,196.93,8,4.51,Plain/Floodplain,India,SYNTHETIC_PROTOTYPE
IND_DEM_0509,Jammu and Kashmir,33.1823057,75.4382968,2192.0,30,EPSG:4326,-9999,0,0,13.281,305.08,3,96.21,Mountain,India,SYNTHETIC_PROTOTYPE
IND_DEM_0510,Ladakh,34.3961642,77.1251769,1938.7,30,EPSG:4326,-9999,0,0,11.394,157.28,4,51.29,Mountain,India,SYNTHETIC_PROTOTYPE
IND_DEM_0511,Andhra Pradesh,15.6241168,78.5759249,285.83,30,EPSG:4326,-9999,0,1,1.628,140.14,2,184.89,Plateau,India,SYNTHETIC_PROTOTYPE
IND_DEM_0512,Arunachal Pradesh,27.9959967,94.5667852,355.68,30,EPSG:4326,-9999,0,1,3.387,122.82,1,1.03,Plateau,India,SYNTHETIC_PROTOTYPE
IND_DEM_0513,Assam,26.6001503,92.684785,289.84,30,EPSG:4326,-9999,0,1,2.155,186.19,2,8.64,Plateau,India,SYNTHETIC_PROTOTYPE
IND_DEM_0514,Bihar,24.6771707,85.1591061,276.56,30,EPSG:4326,-9999,0,1,5.178,288.38,1,3.66,Plateau,India,SYNTHETIC_PROTOTYPE
IND_DEM_0515,Chhattisgarh,22.0402325,82.5300838,97.02,30,EPSG:4326,-9999,1,1,10.076,197.49,2,411.07,Plain/Floodplain,India,SYNTHETIC_PROTOTYPE
IND_DEM_0516,Goa,15.3021923,74.7399316,921.35,30,EPSG:4326,-9999,0,1,4.577,246.33,3,14.51,Hill,India,SYNTHETIC_PROTOTYPE
IND_DEM_0517,Gujarat,22.3884311,72.6767597,337.78,30,EPSG:4326,-9999,0,0,9.094,62.61,1,4.58,Plateau,India,SYNTHETIC_PROTOTYPE
IND_DEM_0518,Haryana,28.7546232,77.2453214,737.66,30,EPSG:4326,-9999,0,1,3.433,216.95,5,223.49,Hill,India,SYNTHETIC_PROTOTYPE
IND_DEM_0519,Himachal Pradesh,32.1919315,78.2470835,1236.7,30,EPSG:4326,-9999,0,0,9.18,142.66,4,3.0,Hill,India,SYNTHETIC_PROTOTYPE
IND_DEM_0520,Jharkhand,23.2096848,85.2240204,98.63,30,EPSG:4326,-9999,1,1,10.27,299.68,3,207.1,Plain/Floodplain,India,SYNTHETIC_PROTOTYPE
IND_DEM_0521,Karnataka,15.0394646,75.0982364,906.96,30,EPSG:4326,-9999,0,0,8.871,196.31,2,12.54,Hill,India,SYNTHETIC_PROTOTYPE
IND_DEM_0522,Kerala,10.5657872,75.5026429,821.68,30,EPSG:4326,-9999,0,1,4.918,192.36,7,93.63,Hill,India,SYNTHETIC_PROTOTYPE
IND_DEM_0523,Madhya Pradesh,23.1213975,77.4456887,320.65,30,EPSG:4326,-9999,0,0,8.509,358.19,1,452.99,Plateau,India,SYNTHETIC_PROTOTYPE
IND_DEM_0524,Maharashtra,18.3768734,75.5916654,837.11,30,EPSG:4326,-9999,0,0,9.36,114.84,8,2163.11,Hill,India,SYNTHETIC_PROTOTYPE
IND_DEM_0525,Manipur,24.4797116,92.9593979,248.53,30,EPSG:4326,-9999,1,1,11.586,350.71,6,12.84,Plain/Floodplain,India,SYNTHETIC_PROTOTYPE
IND_DEM_0526,Meghalaya,25.6152125,91.917962,294.31,30,EPSG:4326,-9999,0,1,1.572,330.18,7,2.19,Plateau,India,SYNTHETIC_PROTOTYPE
IND_DEM_0527,Mizoram,23.4314173,92.6025826,441.53,30,EPSG:4326,-9999,0,1,3.852,114.62,2,135.97,Plateau,India,SYNTHETIC_PROTOTYPE
IND_DEM_0528,Nagaland,26.5848671,94.4196977,288.9,30,EPSG:4326,-9999,0,1,5.003,194.75,2,965.19,Plateau,India,SYNTHETIC_PROTOTYPE
IND_DEM_0529,Odisha,20.1292001,85.7739117,192.19,30,EPSG:4326,-9999,1,1,0.104,109.65,6,7.39,Plain/Floodplain,India,SYNTHETIC_PROTOTYPE
IND_DEM_0530,Punjab,30.8234643,75.4285816,1526.47,30,EPSG:4326,-9999,0,1,2.96,203.6,1,137.1,Hill,India,SYNTHETIC_PROTOTYPE
IND_DEM_0531,Rajasthan,26.808217,72.9601259,169.21,30,EPSG:4326,-9999,1,1,7.739,182.64,4,283.54,Plain/Floodplain,India,SYNTHETIC_PROTOTYPE
IND_DEM_0532,Sikkim,27.044548,88.5607484,170.11,30,EPSG:4326,-9999,1,1,10.722,241.82,2,68.48,Plain/Floodplain,India,SYNTHETIC_PROTOTYPE
IND_DEM_0533,Tamil Nadu,11.6655166,79.1531733,387.3,30,EPSG:4326,-9999,0,1,5.485,95.62,1,64.98,Plateau,India,SYNTHETIC_PROTOTYPE
IND_DEM_0534,Telangana,18.3803572,79.4543457,230.54,30,EPSG:4326,-9999,1,1,6.423,306.54,6,24.29,Plain/Floodplain,India,SYNTHETIC_PROTOTYPE
IND_DEM_0535,Tripura,23.6590298,91.9979563,368.02,30,EPSG:4326,-9999,0,0,10.059,144.34,7,2.88,Plateau,India,SYNTHETIC_PROTOTYPE
IND_DEM_0536,Uttar Pradesh,27.1314868,80.4333045,0.0,30,EPSG:4326,-9999,1,1,12.031,90.65,4,159.13,Plain/Floodplain,India,SYNTHETIC_PROTOTYPE
IND_DEM_0537,Uttarakhand,30.3014477,80.3981387,790.85,30,EPSG:4326,-9999,0,0,8.975,5.49,2,2.06,Hill,India,SYNTHETIC_PROTOTYPE
IND_DEM_0538,West Bengal,22.6066101,87.5714173,285.61,30,EPSG:4326,-9999,0,1,4.938,12.83,6,1437.28,Plateau,India,SYNTHETIC_PROTOTYPE
IND_DEM_0539,Jammu and Kashmir,34.0141607,76.1602677,2137.29,30,EPSG:4326,-9999,0,1,3.177,57.34,2,13.58,Mountain,India,SYNTHETIC_PROTOTYPE
IND_DEM_0540,Ladakh,34.392194,77.633687,1867.71,30,EPSG:4326,-9999,0,1,4.795,115.39,5,5.9,Mountain,India,SYNTHETIC_PROTOTYPE
IND_DEM_0541,Andhra Pradesh,16.5544906,79.763955,189.06,30,EPSG:4326,-9999,1,1,7.121,7.87,6,101.69,Plain/Floodplain,India,SYNTHETIC_PROTOTYPE
IND_DEM_0542,Arunachal Pradesh,29.2378952,94.5718718,793.23,30,EPSG:4326,-9999,0,0,10.3,162.37,7,220.19,Hill,India,SYNTHETIC_PROTOTYPE
IND_DEM_0543,Assam,25.9875101,92.0740293,413.29,30,EPSG:4326,-9999,0,1,5.915,174.63,4,2216.82,Plateau,India,SYNTHETIC_PROTOTYPE
IND_DEM_0544,Bihar,25.933995,84.7518483,22.14,30,EPSG:4326,-9999,1,1,6.618,58.99,3,21.33,Plain/Floodplain,India,SYNTHETIC_PROTOTYPE
IND_DEM_0545,Chhattisgarh,20.9370747,82.2231459,137.88,30,EPSG:4326,-9999,1,1,7.096,92.99,5,55.76,Plain/Floodplain,India,SYNTHETIC_PROTOTYPE
IND_DEM_0546,Goa,14.1987091,73.9231172,638.76,30,EPSG:4326,-9999,0,1,0.58,113.51,1,32.04,Plateau,India,SYNTHETIC_PROTOTYPE
IND_DEM_0547,Gujarat,22.2718979,72.3566422,167.16,30,EPSG:4326,-9999,1,1,11.134,352.58,2,2365.29,Plain/Floodplain,India,SYNTHETIC_PROTOTYPE
IND_DEM_0548,Haryana,29.3550879,75.9733362,1201.79,30,EPSG:4326,-9999,0,0,10.24,249.41,7,8.62,Hill,India,SYNTHETIC_PROTOTYPE
IND_DEM_0549,Himachal Pradesh,32.292526,76.9491147,1701.85,30,EPSG:4326,-9999,0,1,7.423,129.61,3,8.01,Hill,India,SYNTHETIC_PROTOTYPE
IND_DEM_0550,Jharkhand,23.9586674,84.7277803,116.87,30,EPSG:4326,-9999,1,1,4.99,4.31,4,8.88,Plain/Floodplain,India,SYNTHETIC_PROTOTYPE
IND_DEM_0551,Karnataka,14.6691371,76.0776379,792.1,30,EPSG:4326,-9999,0,0,8.039,222.44,1,8.79,Hill,India,SYNTHETIC_PROTOTYPE
IND_DEM_0552,Kerala,10.6806457,75.3802798,924.14,30,EPSG:4326,-9999,0,1,0.144,326.3,2,5.93,Hill,India,SYNTHETIC_PROTOTYPE
IND_DEM_0553,Madhya Pradesh,23.0722733,78.568822,99.13,30,EPSG:4326,-9999,1,1,6.755,13.29,6,52.85,Plain/Floodplain,India,SYNTHETIC_PROTOTYPE
IND_DEM_0554,Maharashtra,18.0251449,76.713031,534.73,30,EPSG:4326,-9999,0,1,1.243,264.46,5,59.42,Plateau,India,SYNTHETIC_PROTOTYPE
IND_DEM_0555,Manipur,24.317442,94.1810936,355.39,30,EPSG:4326,-9999,0,1,2.611,338.89,7,4.88,Plateau,India,SYNTHETIC_PROTOTYPE
IND_DEM_0556,Meghalaya,25.2443783,92.0540362,250.37,30,EPSG:4326,-9999,0,1,0.688,250.01,4,17.82,Plateau,India,SYNTHETIC_PROTOTYPE
IND_DEM_0557,Mizoram,25.1521964,92.8507999,459.1,30,EPSG:4326,-9999,0,1,5.219,92.15,2,3.78,Plateau,India,SYNTHETIC_PROTOTYPE
IND_DEM_0558,Nagaland,26.546807,94.64466,172.87,30,EPSG:4326,-9999,1,1,6.468,237.9,5,2298.58,Plain/Floodplain,India,SYNTHETIC_PROTOTYPE
IND_DEM_0559,Odisha,20.1173377,85.2257102,375.12,30,EPSG:4326,-9999,0,1,3.567,148.94,7,34.24,Plateau,India,SYNTHETIC_PROTOTYPE
IND_DEM_0560,Punjab,31.1610996,74.3860895,1528.02,30,EPSG:4326,-9999,0,0,10.241,185.46,8,1359.79,Hill,India,SYNTHETIC_PROTOTYPE
IND_DEM_0561,Rajasthan,27.3387887,73.5718417,439.27,30,EPSG:4326,-9999,0,1,3.736,6.43,2,854.41,Plateau,India,SYNTHETIC_PROTOTYPE
IND_DEM_0562,Sikkim,28.0946462,88.722203,411.64,30,EPSG:4326,-9999,0,1,5.138,114.55,6,1243.75,Plateau,India,SYNTHETIC_PROTOTYPE
IND_DEM_0563,Tamil Nadu,12.0452478,78.1272806,427.17,30,EPSG:4326,-9999,0,0,12.893,22.66,4,4.23,Plateau,India,SYNTHETIC_PROTOTYPE
IND_DEM_0564,Telangana,19.2576749,77.9430058,295.98,30,EPSG:4326,-9999,0,1,7.19,236.6,5,239.61,Plateau,India,SYNTHETIC_PROTOTYPE
IND_DEM_0565,Tripura,24.1150826,92.2779158,386.31,30,EPSG:4326,-9999,0,1,1.729,200.5,4,13.71,Plateau,India,SYNTHETIC_PROTOTYPE
IND_DEM_0566,Uttar Pradesh,26.8412819,81.3980318,97.61,30,EPSG:4326,-9999,1,1,2.006,76.07,2,45.34,Plain/Floodplain,India,SYNTHETIC_PROTOTYPE
IND_DEM_0567,Uttarakhand,30.6575948,79.8661019,853.2,30,EPSG:4326,-9999,0,1,7.72,116.77,8,194.05,Hill,India,SYNTHETIC_PROTOTYPE
IND_DEM_0568,West Bengal,24.3413075,88.7374388,244.57,30,EPSG:4326,-9999,1,1,2.149,297.2,5,2785.56,Plain/Floodplain,India,SYNTHETIC_PROTOTYPE
IND_DEM_0569,Jammu and Kashmir,33.9203358,75.2368906,2260.93,30,EPSG:4326,-9999,0,0,9.633,303.17,8,229.59,Mountain,India,SYNTHETIC_PROTOTYPE
IND_DEM_0570,Ladakh,34.0134496,77.7940341,1676.69,30,EPSG:4326,-9999,0,0,11.533,297.83,3,144.41,Hill,India,SYNTHETIC_PROTOTYPE
IND_DEM_0571,Andhra Pradesh,15.5004915,78.3840199,296.21,30,EPSG:4326,-9999,0,1,5.659,88.81,1,5.24,Plateau,India,SYNTHETIC_PROTOTYPE
IND_DEM_0572,Arunachal Pradesh,28.2648224,94.62606,539.52,30,EPSG:4326,-9999,0,0,8.88,106.42,3,162.76,Plateau,India,SYNTHETIC_PROTOTYPE
IND_DEM_0573,Assam,26.0369578,92.6187334,375.84,30,EPSG:4326,-9999,0,0,14.009,136.13,4,1960.46,Plateau,India,SYNTHETIC_PROTOTYPE
IND_DEM_0574,Bihar,26.3902143,85.3559098,56.31,30,EPSG:4326,-9999,1,1,5.993,296.8,1,335.24,Plain/Floodplain,India,SYNTHETIC_PROTOTYPE
IND_DEM_0575,Chhattisgarh,20.9054199,81.2116924,176.39,30,EPSG:4326,-9999,1,1,4.337,124.25,3,414.63,Plain/Floodplain,India,SYNTHETIC_PROTOTYPE
IND_DEM_0576,Goa,14.5135418,75.265312,771.78,30,EPSG:4326,-9999,0,0,9.538,252.91,6,860.58,Hill,India,SYNTHETIC_PROTOTYPE
IND_DEM_0577,Gujarat,21.8050887,72.4813141,92.64,30,EPSG:4326,-9999,1,1,4.078,94.81,6,1257.04,Plain/Floodplain,India,SYNTHETIC_PROTOTYPE
IND_DEM_0578,Haryana,29.3862553,75.8913935,1171.82,30,EPSG:4326,-9999,0,1,7.879,3.44,2,1117.77,Hill,India,SYNTHETIC_PROTOTYPE
IND_DEM_0579,Himachal Pradesh,31.3939165,76.0166571,1751.07,30,EPSG:4326,-9999,0,1,5.268,320.44,8,318.0,Hill,India,SYNTHETIC_PROTOTYPE
IND_DEM_0580,Jharkhand,23.9319169,85.4229908,217.67,30,EPSG:4326,-9999,1,1,1.335,227.56,8,6.01,Plain/Floodplain,India,SYNTHETIC_PROTOTYPE
IND_DEM_0581,Karnataka,15.117425,74.8778504,806.67,30,EPSG:4326,-9999,0,1,6.318,219.57,5,67.38,Hill,India,SYNTHETIC_PROTOTYPE
IND_DEM_0582,Kerala,11.1422798,76.2033254,709.91,30,EPSG:4326,-9999,0,0,8.949,311.31,2,458.75,Hill,India,SYNTHETIC_PROTOTYPE
IND_DEM_0583,Madhya Pradesh,23.3140128,78.0199325,244.39,30,EPSG:4326,-9999,1,1,9.408,150.14,3,1815.79,Plain/Floodplain,India,SYNTHETIC_PROTOTYPE
IND_DEM_0584,Maharashtra,19.2500993,76.2772271,711.39,30,EPSG:4326,-9999,0,1,5.67,44.85,6,1899.53,Hill,India,SYNTHETIC_PROTOTYPE
IND_DEM_0585,Manipur,24.2255606,94.1041223,252.06,30,EPSG:4326,-9999,0,0,10.86,239.22,4,1.16,Plateau,India,SYNTHETIC_PROTOTYPE
IND_DEM_0586,Meghalaya,26.259336,91.615585,182.9,30,EPSG:4326,-9999,1,1,4.841,63.15,7,1.03,Plain/Floodplain,India,SYNTHETIC_PROTOTYPE
IND_DEM_0587,Mizoram,23.6001509,94.0046207,355.6,30,EPSG:4326,-9999,0,0,9.23,16.88,8,127.42,Plateau,India,SYNTHETIC_PROTOTYPE
IND_DEM_0588,Nagaland,25.5907963,94.013649,251.85,30,EPSG:4326,-9999,0,1,6.298,307.99,3,331.82,Plateau,India,SYNTHETIC_PROTOTYPE
IND_DEM_0589,Odisha,21.0768633,84.8458456,242.21,30,EPSG:4326,-9999,1,1,2.262,295.81,6,9.26,Plain/Floodplain,India,SYNTHETIC_PROTOTYPE
IND_DEM_0590,Punjab,30.165822,75.7842962,1380.28,30,EPSG:4326,-9999,0,1,6.664,16.4,4,40.46,Hill,India,SYNTHETIC_PROTOTYPE
IND_DEM_0591,Rajasthan,26.8356669,73.311254,317.48,30,EPSG:4326,-9999,0,1,3.773,138.04,1,4.08,Plateau,India,SYNTHETIC_PROTOTYPE
IND_DEM_0592,Sikkim,27.8116596,88.8772519,329.55,30,EPSG:4326,-9999,0,1,5.161,209.77,7,234.89,Plateau,India,SYNTHETIC_PROTOTYPE
IND_DEM_0593,Tamil Nadu,11.1205334,77.620338,468.97,30,EPSG:4326,-9999,0,1,1.187,264.33,7,1.76,Plateau,India,SYNTHETIC_PROTOTYPE
IND_DEM_0594,Telangana,18.6334091,79.9240231,213.48,30,EPSG:4326,-9999,1,1,12.213,219.42,3,1.09,Plain/Floodplain,India,SYNTHETIC_PROTOTYPE
IND_DEM_0595,Tripura,23.5173459,90.339156,260.52,30,EPSG:4326,-9999,0,1,7.518,272.81,1,8.35,Plateau,India,SYNTHETIC_PROTOTYPE
IND_DEM_0596,Uttar Pradesh,27.6630047,81.4621016,258.67,30,EPSG:4326,-9999,0,1,7.363,357.25,4,1.53,Plateau,India,SYNTHETIC_PROTOTYPE
IND_DEM_0597,Uttarakhand,30.3084428,79.597275,804.95,30,EPSG:4326,-9999,0,1,3.576,144.48,4,12.89,Hill,India,SYNTHETIC_PROTOTYPE
IND_DEM_0598,West Bengal,23.0771455,88.9926974,242.31,30,EPSG:4326,-9999,1,1,6.65,110.18,3,2880.28,Plain/Floodplain,India,SYNTHETIC_PROTOTYPE
IND_DEM_0599,Jammu and Kashmir,34.1023106,75.4572802,2390.65,30,EPSG:4326,-9999,0,0,11.998,331.23,8,5.48,Mountain,India,SYNTHETIC_PROTOTYPE
IND_DEM_0600,Ladakh,34.078455,76.7578244,1989.95,30,EPSG:4326,-9999,0,0,8.504,312.49,1,2.68,Mountain,India,SYNTHETIC_PROTOTYPE
IND_DEM_0601,Andhra Pradesh,16.1747197,78.5062966,299.42,30,EPSG:4326,-9999,0,1,3.03,126.56,8,20.86,Plateau,India,SYNTHETIC_PROTOTYPE
IND_DEM_0602,Arunachal Pradesh,27.7338338,94.5744488,345.78,30,EPSG:4326,-9999,0,1,6.297,151.21,6,103.18,Plateau,India,SYNTHETIC_PROTOTYPE
IND_DEM_0603,Assam,27.0408265,93.7670194,257.55,30,EPSG:4326,-9999,0,1,3.109,133.53,2,193.08,Plateau,India,SYNTHETIC_PROTOTYPE
IND_DEM_0604,Bihar,26.3402003,85.0739488,0.0,30,EPSG:4326,-9999,1,1,0.308,249.86,2,1.04,Plain/Floodplain,India,SYNTHETIC_PROTOTYPE
IND_DEM_0605,Chhattisgarh,19.8871475,81.9134717,165.47,30,EPSG:4326,-9999,1,1,6.891,22.42,8,1.14,Plain/Floodplain,India,SYNTHETIC_PROTOTYPE
IND_DEM_0606,Goa,15.7796721,74.306259,761.15,30,EPSG:4326,-9999,0,1,1.146,15.93,5,101.82,Hill,India,SYNTHETIC_PROTOTYPE
IND_DEM_0607,Gujarat,21.5829792,72.1531329,204.63,30,EPSG:4326,-9999,1,1,6.688,201.05,1,160.8,Plain/Floodplain,India,SYNTHETIC_PROTOTYPE
IND_DEM_0608,Haryana,29.4613901,76.0841946,1250.53,30,EPSG:4326,-9999,0,1,6.945,290.19,7,2.23,Hill,India,SYNTHETIC_PROTOTYPE
IND_DEM_0609,Himachal Pradesh,32.0573012,77.1772361,1399.86,30,EPSG:4326,-9999,0,0,9.249,26.34,1,2.14,Hill,India,SYNTHETIC_PROTOTYPE
IND_DEM_0610,Jharkhand,23.7803178,86.1274335,184.57,30,EPSG:4326,-9999,1,1,0.013,193.69,8,6.8,Plain/Floodplain,India,SYNTHETIC_PROTOTYPE
IND_DEM_0611,Karnataka,15.712302,74.2623428,833.12,30,EPSG:4326,-9999,0,1,7.648,24.67,1,183.3,Hill,India,SYNTHETIC_PROTOTYPE
IND_DEM_0612,Kerala,10.8547941,76.4655164,661.21,30,EPSG:4326,-9999,0,1,0.739,97.3,6,381.54,Plateau,India,SYNTHETIC_PROTOTYPE
IND_DEM_0613,Madhya Pradesh,22.9610253,77.6243139,247.99,30,EPSG:4326,-9999,1,1,8.225,285.59,1,18.8,Plain/Floodplain,India,SYNTHETIC_PROTOTYPE
IND_DEM_0614,Maharashtra,19.8726059,74.9202177,947.14,30,EPSG:4326,-9999,0,0,10.545,56.55,2,2807.63,Hill,India,SYNTHETIC_PROTOTYPE
IND_DEM_0615,Manipur,24.8943567,95.0956887,245.44,30,EPSG:4326,-9999,1,1,1.048,33.31,6,2.2,Plain/Floodplain,India,SYNTHETIC_PROTOTYPE
IND_DEM_0616,Meghalaya,24.4334829,91.3752407,233.82,30,EPSG:4326,-9999,1,1,7.856,291.9,8,126.78,Plain/Floodplain,India,SYNTHETIC_PROTOTYPE
IND_DEM_0617,Mizoram,22.7613881,92.4455628,475.87,30,EPSG:4326,-9999,0,1,2.471,306.67,2,1961.36,Plateau,India,SYNTHETIC_PROTOTYPE
IND_DEM_0618,Nagaland,25.7313236,93.7302965,360.55,30,EPSG:4326,-9999,0,1,7.593,58.14,2,181.12,Plateau,India,SYNTHETIC_PROTOTYPE
IND_DEM_0619,Odisha,20.1246118,84.8320805,334.79,30,EPSG:4326,-9999,0,1,4.514,115.67,4,21.38,Plateau,India,SYNTHETIC_PROTOTYPE
IND_DEM_0620,Punjab,30.7862757,74.9778172,1583.7,30,EPSG:4326,-9999,0,1,6.433,202.66,2,14.2,Hill,India,SYNTHETIC_PROTOTYPE
IND_DEM_0621,Rajasthan,25.6943202,73.3916991,382.7,30,EPSG:4326,-9999,0,1,3.719,233.9,3,9.69,Plateau,India,SYNTHETIC_PROTOTYPE
IND_DEM_0622,Sikkim,26.7781693,87.9782274,55.95,30,EPSG:4326,-9999,1,1,7.479,206.48,7,1.73,Plain/Floodplain,India,SYNTHETIC_PROTOTYPE
IND_DEM_0623,Tamil Nadu,10.7700675,78.6702116,303.93,30,EPSG:4326,-9999,0,1,0.644,50.12,2,582.46,Plateau,India,SYNTHETIC_PROTOTYPE
IND_DEM_0624,Telangana,17.8549853,80.4530666,329.36,30,EPSG:4326,-9999,0,1,6.814,357.39,4,51.28,Plateau,India,SYNTHETIC_PROTOTYPE
IND_DEM_0625,Tripura,23.4598007,91.8046557,476.37,30,EPSG:4326,-9999,0,0,11.373,108.42,3,4.88,Plateau,India,SYNTHETIC_PROTOTYPE
IND_DEM_0626,Uttar Pradesh,26.2885501,80.9381852,144.17,30,EPSG:4326,-9999,1,1,1.819,148.52,8,11.22,Plain/Floodplain,India,SYNTHETIC_PROTOTYPE
IND_DEM_0627,Uttarakhand,31.0595973,78.8087402,935.22,30,EPSG:4326,-9999,0,1,2.655,269.02,1,41.25,Hill,India,SYNTHETIC_PROTOTYPE
IND_DEM_0628,West Bengal,22.5690837,87.8869957,240.08,30,EPSG:4326,-9999,1,1,4.651,342.61,4,445.27,Plain/Floodplain,India,SYNTHETIC_PROTOTYPE
IND_DEM_0629,Jammu and Kashmir,33.6632061,75.4572687,2275.37,30,EPSG:4326,-9999,0,0,12.306,10.98,5,2.53,Mountain,India,SYNTHETIC_PROTOTYPE
IND_DEM_0630,Ladakh,33.9209319,76.8475062,1958.48,30,EPSG:4326,-9999,0,1,7.297,4.17,4,3.57,Mountain,India,SYNTHETIC_PROTOTYPE
IND_DEM_0631,Andhra Pradesh,16.3137303,79.0373343,305.51,30,EPSG:4326,-9999,0,1,6.102,32.63,5,3.17,Plateau,India,SYNTHETIC_PROTOTYPE
IND_DEM_0632,Arunachal Pradesh,28.6497639,95.1067812,559.76,30,EPSG:4326,-9999,0,1,1.337,37.82,1,50.93,Plateau,India,SYNTHETIC_PROTOTYPE
IND_DEM_0633,Assam,25.5247081,92.6772921,411.74,30,EPSG:4326,-9999,0,0,9.182,178.98,8,37.25,Plateau,India,SYNTHETIC_PROTOTYPE
IND_DEM_0634,Bihar,26.2786349,85.4089651,229.01,30,EPSG:4326,-9999,1,1,11.181,52.81,1,125.48,Plain/Floodplain,India,SYNTHETIC_PROTOTYPE
IND_DEM_0635,Chhattisgarh,21.1796839,83.3234968,222.29,30,EPSG:4326,-9999,1,1,5.569,295.46,3,2316.64,Plain/Floodplain,India,SYNTHETIC_PROTOTYPE
IND_DEM_0636,Goa,14.9225673,73.5730644,392.16,30,EPSG:4326,-9999,0,1,0.143,102.68,7,1.74,Plateau,India,SYNTHETIC_PROTOTYPE
IND_DEM_0637,Gujarat,21.9425337,72.2317946,197.83,30,EPSG:4326,-9999,1,1,9.441,287.1,1,26.17,Plain/Floodplain,India,SYNTHETIC_PROTOTYPE
IND_DEM_0638,Haryana,28.8876152,76.4986144,922.56,30,EPSG:4326,-9999,0,0,10.994,227.97,6,928.17,Hill,India,SYNTHETIC_PROTOTYPE
IND_DEM_0639,Himachal Pradesh,32.2503411,77.903905,1232.42,30,EPSG:4326,-9999,0,0,8.056,224.53,5,1.17,Hill,India,SYNTHETIC_PROTOTYPE
IND_DEM_0640,Jharkhand,24.1787305,86.1865906,171.87,30,EPSG:4326,-9999,1,1,5.488,1.0,4,178.2,Plain/Floodplain,India,SYNTHETIC_PROTOTYPE
IND_DEM_0641,Karnataka,15.7098186,75.3929078,892.83,30,EPSG:4326,-9999,0,0,12.455,192.09,3,66.68,Hill,India,SYNTHETIC_PROTOTYPE
IND_DEM_0642,Kerala,11.2025169,77.3816567,572.5,30,EPSG:4326,-9999,0,1,7.474,333.05,2,57.87,Plateau,India,SYNTHETIC_PROTOTYPE
IND_DEM_0643,Madhya Pradesh,23.0529996,77.4712314,324.84,30,EPSG:4326,-9999,0,1,4.76,19.2,4,6.96,Plateau,India,SYNTHETIC_PROTOTYPE
IND_DEM_0644,Maharashtra,19.1478388,76.0518632,761.15,30,EPSG:4326,-9999,0,1,6.22,355.31,8,278.54,Hill,India,SYNTHETIC_PROTOTYPE
IND_DEM_0645,Manipur,24.8917878,93.1132526,284.68,30,EPSG:4326,-9999,0,0,10.242,33.28,2,632.38,Plateau,India,SYNTHETIC_PROTOTYPE
IND_DEM_0646,Meghalaya,25.3874664,91.0059166,223.07,30,EPSG:4326,-9999,1,1,6.596,85.2,3,4.49,Plain/Floodplain,India,SYNTHETIC_PROTOTYPE
IND_DEM_0647,Mizoram,23.7182181,93.8302905,417.35,30,EPSG:4326,-9999,0,1,1.118,32.2,1,85.69,Plateau,India,SYNTHETIC_PROTOTYPE
IND_DEM_0648,Nagaland,25.1633328,96.3243207,209.33,30,EPSG:4326,-9999,1,1,2.364,27.93,2,2.87,Plain/Floodplain,India,SYNTHETIC_PROTOTYPE
IND_DEM_0649,Odisha,20.8704831,85.5181938,176.98,30,EPSG:4326,-9999,1,1,5.089,325.32,4,585.41,Plain/Floodplain,India,SYNTHETIC_PROTOTYPE
IND_DEM_0650,Punjab,31.2415558,75.1006196,1747.85,30,EPSG:4326,-9999,0,1,4.277,65.18,5,13.96,Hill,India,SYNTHETIC_PROTOTYPE
IND_DEM_0651,Rajasthan,26.8666896,74.1552949,678.95,30,EPSG:4326,-9999,0,1,5.759,188.13,5,160.68,Plateau,India,SYNTHETIC_PROTOTYPE
IND_DEM_0652,Sikkim,27.9729233,88.8662782,398.84,30,EPSG:4326,-9999,0,1,2.157,146.04,4,603.63,Plateau,India,SYNTHETIC_PROTOTYPE
IND_DEM_0653,Tamil Nadu,10.6708759,79.1495125,359.37,30,EPSG:4326,-9999,0,1,4.549,300.65,4,1235.06,Plateau,India,SYNTHETIC_PROTOTYPE
IND_DEM_0654,Telangana,17.1153116,79.8787185,284.65,30,EPSG:4326,-9999,0,1,0.071,75.55,6,812.22,Plateau,India,SYNTHETIC_PROTOTYPE
IND_DEM_0655,Tripura,24.6740551,92.2405098,429.14,30,EPSG:4326,-9999,0,1,6.935,235.84,6,152.18,Plateau,India,SYNTHETIC_PROTOTYPE
IND_DEM_0656,Uttar Pradesh,26.600285,82.0945838,62.86,30,EPSG:4326,-9999,1,1,7.73,332.45,5,1806.64,Plain/Floodplain,India,SYNTHETIC_PROTOTYPE
IND_DEM_0657,Uttarakhand,29.9016883,78.1877312,758.48,30,EPSG:4326,-9999,0,1,5.115,348.59,2,117.07,Hill,India,SYNTHETIC_PROTOTYPE
IND_DEM_0658,West Bengal,22.8210487,88.8059356,269.53,30,EPSG:4326,-9999,0,0,12.525,55.26,7,193.39,Plateau,India,SYNTHETIC_PROTOTYPE
IND_DEM_0659,Jammu and Kashmir,34.1219549,75.2079233,2374.24,30,EPSG:4326,-9999,0,0,16.048,198.62,2,19.03,Mountain,India,SYNTHETIC_PROTOTYPE
IND_DEM_0660,Ladakh,34.2576501,76.6740034,2093.77,30,EPSG:4326,-9999,0,0,8.904,46.77,1,154.26,Mountain,India,SYNTHETIC_PROTOTYPE
IND_DEM_0661,Andhra Pradesh,17.2874105,78.6154419,293.86,30,EPSG:4326,-9999,0,0,9.076,163.34,3,46.28,Plateau,India,SYNTHETIC_PROTOTYPE
IND_DEM_0662,Arunachal Pradesh,27.8205627,94.5957108,438.01,30,EPSG:4326,-9999,0,1,6.294,268.19,8,4.0,Plateau,India,SYNTHETIC_PROTOTYPE
IND_DEM_0663,Assam,26.6151357,93.3036313,319.01,30,EPSG:4326,-9999,0,1,5.908,11.63,2,807.92,Plateau,India,SYNTHETIC_PROTOTYPE
IND_DEM_0664,Bihar,26.161095,85.2509715,49.88,30,EPSG:4326,-9999,1,1,10.016,110.83,3,1003.26,Plain/Floodplain,India,SYNTHETIC_PROTOTYPE
IND_DEM_0665,Chhattisgarh,21.8558706,82.3542918,271.18,30,EPSG:4326,-9999,0,1,5.978,25.5,1,2.37,Plateau,India,SYNTHETIC_PROTOTYPE
IND_DEM_0666,Goa,15.3594906,74.3448308,731.12,30,EPSG:4326,-9999,0,1,4.567,322.69,2,401.52,Hill,India,SYNTHETIC_PROTOTYPE
IND_DEM_0667,Gujarat,22.5602302,71.4606025,211.06,30,EPSG:4326,-9999,1,1,8.666,113.45,7,4.05,Plain/Floodplain,India,SYNTHETIC_PROTOTYPE
IND_DEM_0668,Haryana,29.2334646,76.5227127,956.51,30,EPSG:4326,-9999,0,1,6.235,165.52,4,100.87,Hill,India,SYNTHETIC_PROTOTYPE
IND_DEM_0669,Himachal Pradesh,31.9929201,75.7261773,1798.84,30,EPSG:4326,-9999,0,0,8.804,183.0,6,238.72,Hill,India,SYNTHETIC_PROTOTYPE
IND_DEM_0670,Jharkhand,23.5972066,85.1089876,195.28,30,EPSG:4326,-9999,1,1,4.325,93.09,8,2066.64,Plain/Floodplain,India,SYNTHETIC_PROTOTYPE
IND_DEM_0671,Karnataka,15.0232108,75.1352863,937.87,30,EPSG:4326,-9999,0,0,10.435,183.07,7,386.88,Hill,India,SYNTHETIC_PROTOTYPE
IND_DEM_0672,Kerala,10.4494257,75.774416,890.16,30,EPSG:4326,-9999,0,0,8.958,357.42,8,48.14,Hill,India,SYNTHETIC_PROTOTYPE
IND_DEM_0673,Madhya Pradesh,22.6935822,79.3282929,231.27,30,EPSG:4326,-9999,1,1,8.817,96.27,3,63.43,Plain/Floodplain,India,SYNTHETIC_PROTOTYPE
IND_DEM_0674,Maharashtra,19.7428745,76.2318334,720.78,30,EPSG:4326,-9999,0,1,1.522,355.07,6,71.18,Hill,India,SYNTHETIC_PROTOTYPE
IND_DEM_0675,Manipur,25.3334459,94.5058371,282.91,30,EPSG:4326,-9999,0,1,6.064,29.35,6,693.07,Plateau,India,SYNTHETIC_PROTOTYPE
IND_DEM_0676,Meghalaya,25.8791455,92.2668786,315.25,30,EPSG:4326,-9999,0,0,10.985,75.31,2,187.81,Plateau,India,SYNTHETIC_PROTOTYPE
IND_DEM_0677,Mizoram,23.9697428,93.3028065,271.57,30,EPSG:4326,-9999,0,1,4.213,273.63,5,100.47,Plateau,India,SYNTHETIC_PROTOTYPE
IND_DEM_0678,Nagaland,26.0790258,95.2681899,143.8,30,EPSG:4326,-9999,1,1,4.44,144.63,7,2.32,Plain/Floodplain,India,SYNTHETIC_PROTOTYPE
IND_DEM_0679,Odisha,20.338191,84.200661,251.76,30,EPSG:4326,-9999,0,0,8.851,179.93,7,5.92,Plateau,India,SYNTHETIC_PROTOTYPE
IND_DEM_0680,Punjab,30.8517656,75.54933,1650.62,30,EPSG:4326,-9999,0,1,4.603,228.44,4,19.34,Hill,India,SYNTHETIC_PROTOTYPE
IND_DEM_0681,Rajasthan,27.6743325,74.334311,832.72,30,EPSG:4326,-9999,0,1,2.691,321.34,4,1637.15,Hill,India,SYNTHETIC_PROTOTYPE
IND_DEM_0682,Sikkim,26.8171998,88.976633,183.85,30,EPSG:4326,-9999,1,1,9.167,117.68,7,1185.01,Plain/Floodplain,India,SYNTHETIC_PROTOTYPE
IND_DEM_0683,Tamil Nadu,11.2510635,78.2057333,428.1,30,EPSG:4326,-9999,0,1,0.318,300.79,3,1.39,Plateau,India,SYNTHETIC_PROTOTYPE
IND_DEM_0684,Telangana,17.7343698,78.1991898,270.11,30,EPSG:4326,-9999,0,1,2.333,272.1,7,199.62,Plateau,India,SYNTHETIC_PROTOTYPE
IND_DEM_0685,Tripura,24.4735375,91.8023316,328.84,30,EPSG:4326,-9999,0,1,1.261,344.9,3,252.14,Plateau,India,SYNTHETIC_PROTOTYPE
IND_DEM_0686,Uttar Pradesh,26.9510245,80.520078,41.03,30,EPSG:4326,-9999,1,1,5.238,261.73,3,96.84,Plain/Floodplain,India,SYNTHETIC_PROTOTYPE
IND_DEM_0687,Uttarakhand,30.6563218,79.1789342,927.18,30,EPSG:4326,-9999,0,1,7.383,352.68,5,340.7,Hill,India,SYNTHETIC_PROTOTYPE
IND_DEM_0688,West Bengal,23.4452175,86.9137629,0.0,30,EPSG:4326,-9999,1,1,9.585,52.13,4,1781.15,Plain/Floodplain,India,SYNTHETIC_PROTOTYPE
IND_DEM_0689,Jammu and Kashmir,34.4434571,75.1953521,2365.36,30,EPSG:4326,-9999,0,0,8.161,313.38,2,585.5,Mountain,India,SYNTHETIC_PROTOTYPE
IND_DEM_0690,Ladakh,35.0961792,78.6117442,1783.75,30,EPSG:4326,-9999,0,1,6.003,37.16,5,10.5,Hill,India,SYNTHETIC_PROTOTYPE
IND_DEM_0691,Andhra Pradesh,15.7656251,79.3988773,241.35,30,EPSG:4326,-9999,1,1,13.701,199.4,2,1030.92,Plain/Floodplain,India,SYNTHETIC_PROTOTYPE
IND_DEM_0692,Arunachal Pradesh,28.9707464,94.1693784,837.9,30,EPSG:4326,-9999,0,0,12.328,315.55,3,2.31,Hill,India,SYNTHETIC_PROTOTYPE
IND_DEM_0693,Assam,26.1441417,92.1183632,283.62,30,EPSG:4326,-9999,0,1,6.606,244.84,4,14.28,Plateau,India,SYNTHETIC_PROTOTYPE
IND_DEM_0694,Bihar,25.1473504,85.9537535,150.66,30,EPSG:4326,-9999,1,1,1.404,311.54,5,2.25,Plain/Floodplain,India,SYNTHETIC_PROTOTYPE
IND_DEM_0695,Chhattisgarh,20.9525275,81.7342139,308.61,30,EPSG:4326,-9999,0,0,9.972,146.3,2,3.09,Plateau,India,SYNTHETIC_PROTOTYPE
IND_DEM_0696,Goa,15.2570138,73.9583816,636.13,30,EPSG:4326,-9999,0,0,11.595,125.68,1,2.35,Plateau,India,SYNTHETIC_PROTOTYPE
IND_DEM_0697,Gujarat,22.7456146,71.3656911,116.63,30,EPSG:4326,-9999,1,1,2.178,142.58,1,1471.84,Plain/Floodplain,India,SYNTHETIC_PROTOTYPE
IND_DEM_0698,Haryana,29.3135898,75.7550731,1130.17,30,EPSG:4326,-9999,0,1,7.496,110.82,4,2057.83,Hill,India,SYNTHETIC_PROTOTYPE
IND_DEM_0699,Himachal Pradesh,31.3338414,76.7081317,1464.71,30,EPSG:4326,-9999,0,1,5.221,29.56,2,232.93,Hill,India,SYNTHETIC_PROTOTYPE
IND_DEM_0700,Jharkhand,24.4315703,85.1110694,227.71,30,EPSG:4326,-9999,1,1,1.637,49.26,7,2.05,Plain/Floodplain,India,SYNTHETIC_PROTOTYPE
